REEF_NAME,SECTOR,SHELF,LAT_DD,LON_DD,DATE,YEAR,YEARII,WEEK,WSSTA,TSASUMS_SM,PREV_1,CORAL_COVE,INC
19131S,WH,M,-19.76625,149.38033,3/9/1999,1999,98/99,10,26,1,0,34.98801243,
19131S,WH,M,-19.76625,149.38033,3/23/2000,2000,99/00,12,0,0,2,34.77758851,2
19131S,WH,M,-19.76625,149.38033,5/13/2001,2001,00/01,20,1,0,0,39.59714402,0
19131S,WH,M,-19.76625,149.38033,11/10/2001,2001,2-Jan,45,2,0,3,41.61791908,3
19131S,WH,M,-19.76625,149.38033,12/5/2002,2002,3-Feb,49,5,2,23,30.41710461,20
19131S,WH,M,-19.76625,149.38033,2/29/2004,2004,4-Mar,9,3,1,9,31.26245404,
19138S,WH,M,-19.80687,149.43047,3/8/1999,1999,98/99,10,24,2,0,19.50554556,
19138S,WH,M,-19.80687,149.43047,3/22/2000,2000,99/00,12,1,0,1,20.58121479,1
19138S,WH,M,-19.80687,149.43047,5/14/2001,2001,00/01,20,1,0,0,22.90958338,0
19138S,WH,M,-19.80687,149.43047,11/9/2001,2001,2-Jan,45,1,0,2,24.58007449,2
19138S,WH,M,-19.80687,149.43047,12/4/2002,2002,3-Feb,49,3,2,20,22.03728165,18
19138S,WH,M,-19.80687,149.43047,2/23/2004,2004,4-Mar,8,3,1,13,33.48747664,
19159S,WH,O,-19.66285,149.91517,3/7/1999,1999,98/99,10,17,1,0,45.3666035,
19159S,WH,O,-19.66285,149.91517,3/11/2000,2000,99/00,10,0,0,2,40.2986497,2
19159S,WH,O,-19.66285,149.91517,3/26/2001,2001,00/01,13,2,2,1,41.10885499,0
19159S,WH,O,-19.66285,149.91517,11/4/2001,2001,2-Jan,45,6,2,8,43.61870928,7
19159S,WH,O,-19.66285,149.91517,12/3/2002,2002,3-Feb,49,2,0,28,44.33820858,20
19159S,WH,O,-19.66285,149.91517,2/22/2004,2004,4-Mar,8,2,0,12,43.90154948,
20104S,WH,M,-19.66285,149.91517,3/3/1999,1999,98/99,9,16,0,0,24.18033734,
20104S,WH,M,-20.02943,149.6951,3/19/2000,2000,99/00,12,0,0,0,23.8811438,0
20104S,WH,M,-20.02943,149.6951,3/27/2001,2001,00/01,13,0,0,4,33.7615108,4
20104S,WH,M,-20.02943,149.6951,11/8/2001,2001,2-Jan,45,2,0,1,36.83241703,0
20104S,WH,M,-20.02943,149.6951,11/30/2002,2002,3-Feb,48,4,0,16,34.86347022,15
20104S,WH,M,-20.02943,149.6951,2/18/2004,2004,4-Mar,7,5,2,9,40.87076314,
21529S,SW,M,-21.86258,152.18695,12/13/1998,1998,98/99,50,23,1,1,48.51439859,
21529S,SW,M,-21.86258,152.18695,11/20/1999,1999,99/00,46,1,0,4,50.52738425,3
21529S,SW,M,-21.86258,152.18695,9/9/2000,2000,00/01,36,0,0,0,52.2534299,0
21529S,SW,M,-21.86258,152.18695,8/12/2001,2001,2-Jan,33,3,0,6,63.61484984,6
21529S,SW,M,-21.86258,152.18695,9/11/2002,2002,3-Feb,37,5,2,149,60.72093802,143
21529S,SW,M,-21.86258,152.18695,10/25/2003,2003,4-Mar,43,1,0,1,51.95223191,
22088S,SW,M,-22.02368,152.19633,12/6/1998,1998,98/99,49,24,4,0,30.09553391,
22088S,SW,M,-22.02368,152.19633,11/21/1999,1999,99/00,47,2,0,0,33.09261491,0
22088S,SW,M,-22.02368,152.19633,9/10/2000,2000,00/01,37,0,0,0,38.46943079,0
22088S,SW,M,-22.02368,152.19633,8/11/2001,2001,2-Jan,32,2,0,19,42.5250047,19
22088S,SW,M,-22.02368,152.19633,9/5/2002,2002,3-Feb,36,6,2,20,47.27445236,1
22088S,SW,M,-22.02368,152.19633,10/26/2003,2003,4-Mar,44,3,0,0,40.6700052,
AGINCOURT,CA,O,-16.03838,145.86877,1/29/1999,1999,98/99,4,19,0,0,35.46417638,
AGINCOURT,CA,O,-16.03838,145.86877,1/24/2000,2000,99/00,4,0,0,0,36.55242115,0
AGINCOURT,CA,O,-16.03838,145.86877,1/29/2001,2001,00/01,5,0,0,1,38.45599967,1
AGINCOURT,CA,O,-16.03838,145.86877,9/15/2001,2001,2-Jan,37,5,2,8,38.81289782,7
AGINCOURT,CA,O,-16.03838,145.86877,10/26/2002,2002,3-Feb,43,3,0,22,36.66666667,14
AGINCOURT,CA,O,-16.03838,145.86877,1/7/2004,2004,4-Mar,1,2,0,5,35.22671126,
BORDER IS,WH,I,-20.1819,149.03772,3/13/1999,1999,98/99,10,30,1,0,29.46876231,
BORDER IS,WH,I,-20.1819,149.03772,3/25/2000,2000,99/00,12,1,0,0,27.65519004,0
BORDER IS,WH,I,-20.1819,149.03772,3/29/2001,2001,00/01,13,0,0,0,24.35822964,0
BORDER IS,WH,I,-20.1819,149.03772,11/13/2001,2001,2-Jan,46,1,0,0,30.2241206,0
BORDER IS,WH,I,-20.1819,149.03772,12/1/2002,2002,3-Feb,49,6,2,1,28.18136812,1
BORDER IS,WH,I,-20.1819,149.03772,2/24/2004,2004,4-Mar,8,18,0,3,29.13282574,
BROOMFIEL,CB,O,-23.24957,151.94255,11/26/1998,1998,98/99,47,18,2,1,50.28981877,
BROOMFIEL,CB,O,-23.24957,151.94255,12/2/1999,1999,99/00,48,1,0,1,48.30560313,0
BROOMFIEL,CB,O,-23.24957,151.94255,9/13/2000,2000,00/01,37,0,0,0,45.83691596,0
BROOMFIEL,CB,O,-23.24957,151.94255,8/8/2001,2001,2-Jan,32,1,0,21,56.44466054,21
BROOMFIEL,CB,O,-23.24957,151.94255,9/19/2002,2002,3-Feb,38,10,1,315,55.75256196,294
BROOMFIEL,CB,O,-23.24957,151.94255,10/27/2003,2003,4-Mar,44,5,0,0,52.94956263,
CARTER,CL,O,-14.52352,145.58198,10/11/1998,1998,98/99,41,6,0,6,65.16400784,
CARTER,CL,O,-14.52352,145.58198,10/16/1999,1999,99/00,41,8,0,18,61.96891281,12
CARTER,CL,O,-14.52352,145.58198,7/15/2000,2000,00/01,28,0,0,9,60.84559591,0
CARTER,CL,O,-14.52352,145.58198,7/8/2001,2001,2-Jan,28,4,0,101,57.98007576,92
CARTER,CL,O,-14.52352,145.58198,7/31/2002,2002,3-Feb,31,6,0,90,55.93976986,0
CARTER,CL,O,-14.52352,145.58198,8/26/2003,2003,4-Mar,35,4,0,32,57.26682219,
CHICKEN,TO,O,-18.65212,147.7217,4/25/1999,1999,98/99,17,18,0,2,42.39007146,
CHICKEN,TO,O,-18.65212,147.7217,5/3/2000,2000,99/00,18,0,0,1,36.9832164,0
CHICKEN,TO,O,-18.65212,147.7217,5/3/2001,2001,00/01,18,2,0,8,37.67678457,7
CHICKEN,TO,O,-18.65212,147.7217,2/7/2002,2002,2-Jan,6,8,0,9,36.95353535,1
CHICKEN,TO,O,-18.65212,147.7217,3/19/2003,2003,3-Feb,12,1,0,4,28.34430808,0
CHICKEN,TO,O,-18.65212,147.7217,5/1/2004,2004,4-Mar,17,7,3,1,12.9,
CHINAMAN,SW,M,-21.99795,152.66857,12/10/1998,1998,98/99,49,17,2,6,34.56809498,
CHINAMAN,SW,M,-21.99795,152.66857,11/25/1999,1999,99/00,47,2,0,0,35.4388522,0
CHINAMAN,SW,M,-21.99795,152.66857,9/7/2000,2000,00/01,36,0,0,0,36.42815959,0
CHINAMAN,SW,M,-21.99795,152.66857,8/18/2001,2001,2-Jan,33,1,0,3,42.18257956,3
CHINAMAN,SW,M,-21.99795,152.66857,9/7/2002,2002,3-Feb,36,3,2,34,43.76055664,31
CHINAMAN,SW,M,-21.99795,152.66857,10/22/2003,2003,4-Mar,43,1,0,0,5.93305043,
DAVIES,TO,M,-18.806,147.66862,4/17/1999,1999,98/99,15,22,1,2,40.64675931,
DAVIES,TO,M,-18.806,147.66862,5/12/2000,2000,99/00,19,1,0,4,34.53178045,2
DAVIES,TO,M,-18.806,147.66862,5/5/2001,2001,00/01,18,5,0,3,33.3067152,0
DAVIES,TO,M,-18.806,147.66862,2/5/2002,2002,2-Jan,6,9,1,5,32.49672131,2
DAVIES,TO,M,-18.806,147.66862,3/15/2003,2003,3-Feb,11,0,0,2,28.63675214,0
DAVIES,TO,M,-18.806,147.66862,4/28/2004,2004,4-Mar,17,5,2,13,26.9976285,
DECAPOLIS,CL,I,-14.8519,145.27063,10/14/1998,1998,98/99,41,14,0,0,24.63273796,
DECAPOLIS,CL,I,-14.8519,145.27063,10/19/1999,1999,99/00,42,9,0,0,24.9287377,0
DECAPOLIS,CL,I,-14.8519,145.27063,7/13/2000,2000,00/01,28,1,0,0,22.76284311,0
DECAPOLIS,CL,I,-14.8519,145.27063,7/16/2001,2001,2-Jan,29,5,3,2,24.57639619,2
DECAPOLIS,CL,I,-14.8519,145.27063,8/2/2002,2002,3-Feb,31,7,0,1,22.89793841,0
DIP,TO,O,-18.39987,147.4519,4/26/1999,1999,98/99,17,14,0,2,29.77165458,
DIP,TO,O,-18.39987,147.4519,5/2/2000,2000,99/00,18,0,0,1,26.40702318,0
DIP,TO,O,-18.39987,147.4519,5/2/2001,2001,00/01,18,2,0,1,25.61055881,0
DIP,TO,O,-18.39987,147.4519,2/9/2002,2002,2-Jan,6,8,0,2,27.24573151,1
DIP,TO,O,-18.39987,147.4519,3/18/2003,2003,3-Feb,12,2,0,3,25.58986552,1
DIP,TO,O,-18.39987,147.4519,4/29/2004,2004,4-Mar,17,4,1,4,24.9887419,
EAST CAY,SW,O,-21.46982,152.5665,12/7/1998,1998,98/99,49,22,3,2,20.66186354,
EAST CAY,SW,O,-21.46982,152.5665,11/22/1999,1999,99/00,47,2,0,1,20.47959437,0
EAST CAY,SW,O,-21.46982,152.5665,9/4/2000,2000,00/01,36,0,0,1,19.62197235,0
EAST CAY,SW,O,-21.46982,152.5665,8/16/2001,2001,2-Jan,33,2,0,2,21.27316153,1
EAST CAY,SW,O,-21.46982,152.5665,9/8/2002,2002,3-Feb,37,11,3,3,21.68792616,1
EAST CAY,SW,O,-21.46982,152.5665,10/20/2003,2003,4-Mar,43,2,0,1,21.69567456,
FITZROY I,CA,I,-16.92315,145.99313,2/8/1999,1999,98/99,6,19,2,0,31.94219515,
FITZROY I,CA,I,-16.92315,145.99313,2/2/2000,2000,99/00,5,0,0,0,6.827475779,0
FITZROY I,CA,I,-16.92315,145.99313,2/7/2001,2001,00/01,6,2,0,0,6.300616157,0
FITZROY I,CA,I,-16.92315,145.99313,9/22/2001,2001,2-Jan,38,9,0,0,8.320788582,0
FITZROY I,CA,I,-16.92315,145.99313,11/8/2002,2002,3-Feb,45,7,0,0,7.106267806,0
FITZROY I,CA,I,-16.92315,145.99313,1/18/2004,2004,4-Mar,3,13,0,0,9.736635155,
GANNET CA,SW,M,-21.97585,152.48017,12/11/1998,1998,98/99,49,22,4,0,19.36602185,
GANNET CA,SW,M,-21.97585,152.48017,11/27/1999,1999,99/00,47,1,0,1,17.21012914,1
GANNET CA,SW,M,-21.97585,152.48017,9/8/2000,2000,00/01,36,0,0,0,6.72079914,0
GANNET CA,SW,M,-21.97585,152.48017,8/13/2001,2001,2-Jan,33,2,0,0,3.720107962,0
GANNET CA,SW,M,-21.97585,152.48017,9/10/2002,2002,3-Feb,37,6,5,4,4.119473944,4
GANNET CA,SW,M,-21.97585,152.48017,10/24/2003,2003,4-Mar,43,1,0,0,12.91042831,
GREEN ISL,CA,I,-16.77532,145.98045,2/3/1999,1999,98/99,5,18,3,1,6.262970965,
GREEN ISL,CA,I,-16.77532,145.98045,2/4/2000,2000,99/00,5,1,0,0,4.147911513,0
GREEN ISL,CA,I,-16.77532,145.98045,2/10/2001,2001,00/01,6,0,0,0,4.381301054,0
GREEN ISL,CA,I,-16.77532,145.98045,9/24/2001,2001,2-Jan,39,4,0,0,4.794086866,0
GREEN ISL,CA,I,-16.77532,145.98045,10/24/2002,2002,3-Feb,43,10,3,2,4.96969697,2
GREEN ISL,CA,I,-16.77532,145.98045,1/15/2004,2004,4-Mar,2,7,0,2,7.325706409,
HASTINGS,CA,M,-16.49935,146.02267,2/5/1999,1999,98/99,5,27,0,0,31.32567081,
HASTINGS,CA,M,-16.49935,146.02267,1/21/2000,2000,99/00,3,4,0,0,23.18160215,0
HASTINGS,CA,M,-16.49935,146.02267,2/13/2001,2001,00/01,7,1,0,2,24.47577243,2
HASTINGS,CA,M,-16.49935,146.02267,9/27/2001,2001,2-Jan,39,4,0,2,27.8201286,0
HASTINGS,CA,M,-16.49935,146.02267,11/3/2002,2002,3-Feb,45,4,2,106,25.29235463,104
HASTINGS,CA,M,-16.49935,146.02267,1/12/2004,2004,4-Mar,2,2,0,14,25.21396047,
HAVANNAH,TO,I,-18.8315,146.53737,5/2/1999,1999,98/99,18,15,0,0,21.99227828,
HAVANNAH,TO,I,-18.8315,146.53737,5/7/2000,2000,99/00,19,0,0,0,11.27181257,0
HAVANNAH,TO,I,-18.8315,146.53737,5/11/2001,2001,00/01,19,3,0,0,7.367067416,0
HAVANNAH,TO,I,-18.8315,146.53737,2/13/2002,2002,2-Jan,7,5,0,0,5.92821044,0
HAVANNAH,TO,I,-18.8315,146.53737,3/7/2003,2003,3-Feb,10,3,0,13,6.1,13
HAVANNAH,TO,I,-18.8315,146.53737,4/21/2004,2004,4-Mar,16,7,2,0,4.768844221,
HAYMAN IS,WH,I,-20.05698,148.8994,3/14/1999,1999,98/99,11,27,3,0,40.91441841,
HAYMAN IS,WH,I,-20.05698,148.8994,3/21/2000,2000,99/00,12,1,0,0,42.05563554,0
HAYMAN IS,WH,I,-20.05698,148.8994,3/31/2001,2001,00/01,13,0,0,3,44.34182762,3
HAYMAN IS,WH,I,-20.05698,148.8994,11/14/2001,2001,2-Jan,46,9,2,0,46.49181214,0
HAYMAN IS,WH,I,-20.05698,148.8994,11/25/2002,2002,3-Feb,48,5,0,22,40.05219843,22
HAYMAN IS,WH,I,-20.05698,148.8994,2/26/2004,2004,4-Mar,8,18,0,27,45.07276077,
HORSESHOE,SW,M,-22.02315,152.61893,12/3/1998,1998,98/99,48,20,3,2,35.0595662,
HORSESHOE,SW,M,-22.02315,152.61893,11/28/1999,1999,99/00,48,1,0,0,27.0781902,0
HORSESHOE,SW,M,-22.02315,152.61893,9/6/2000,2000,00/01,36,0,0,0,22.98523863,0
HORSESHOE,SW,M,-22.02315,152.61893,8/14/2001,2001,2-Jan,33,2,0,1,19.78871975,1
HORSESHOE,SW,M,-22.02315,152.61893,9/6/2002,2002,3-Feb,36,5,4,31,10.69045585,30
HORSESHOE,SW,M,-22.02315,152.61893,10/23/2003,2003,4-Mar,43,2,0,4,49.81175573,
HYDE,WH,O,-19.73872,150.0808,3/6/1999,1999,98/99,9,17,0,0,18.03402062,
HYDE,WH,O,-19.73872,150.0808,3/13/2000,2000,99/00,11,0,0,1,18.92045692,1
HYDE,WH,O,-19.73872,150.0808,3/25/2001,2001,00/01,13,0,0,0,17.69160696,0
HYDE,WH,O,-19.73872,150.0808,11/5/2001,2001,2-Jan,45,1,0,5,18.84204355,5
HYDE,WH,O,-19.73872,150.0808,11/27/2002,2002,3-Feb,48,2,0,3,17.36666667,0
HYDE,WH,O,-19.73872,150.0808,2/21/2004,2004,4-Mar,7,0,0,0,16.02559288,
JOHN BREW,TO,M,-18.61882,147.08147,4/29/1999,1999,98/99,17,16,0,24,28.92917561,
JOHN BREW,TO,M,-18.61882,147.08147,5/1/2000,2000,99/00,18,0,0,6,20.97952537,0
JOHN BREW,TO,M,-18.61882,147.08147,5/6/2001,2001,00/01,19,3,0,7,21.9309422,1
JOHN BREW,TO,M,-18.61882,147.08147,2/19/2002,2002,2-Jan,8,9,2,0,10.3995471,0
JOHN BREW,TO,M,-18.61882,147.08147,3/10/2003,2003,3-Feb,11,3,0,0,1.4,0
JOHN BREW,TO,M,-18.61882,147.08147,4/20/2004,2004,4-Mar,16,8,6,0,0.666666667,
LADY MUSG,CB,O,-23.8835,152.41978,11/30/1998,1998,98/99,48,17,1,2,57.10148013,
LADY MUSG,CB,O,-23.8835,152.41978,12/4/1999,1999,99/00,48,2,0,19,65.41157448,17
LADY MUSG,CB,O,-23.8835,152.41978,9/17/2000,2000,00/01,38,0,0,35,61.37031344,16
LADY MUSG,CB,O,-23.8835,152.41978,8/6/2001,2001,2-Jan,32,2,0,37,67.98539718,2
LADY MUSG,CB,O,-23.8835,152.41978,9/18/2002,2002,3-Feb,38,11,4,343,74.75421982,306
LADY MUSG,CB,O,-23.8835,152.41978,10/30/2003,2003,4-Mar,44,0,0,13,75.01055276,
LANGFORD,WH,I,-20.07727,148.87378,3/11/1999,1999,98/99,10,19,1,0,17.86666667,
LANGFORD,WH,I,-20.07727,148.87378,3/26/2000,2000,99/00,13,2,0,0,16.76322047,0
LANGFORD,WH,I,-20.07727,148.87378,4/1/2001,2001,00/01,14,1,0,0,20.43617199,0
LANGFORD,WH,I,-20.07727,148.87378,11/15/2001,2001,2-Jan,46,10,0,1,22.49593496,1
LANGFORD,WH,I,-20.07727,148.87378,11/26/2002,2002,3-Feb,48,3,0,12,21.69194139,11
LANGFORD,WH,I,-20.07727,148.87378,2/25/2004,2004,4-Mar,8,3,0,11,23.16404059,
LINNET,CL,I,-14.78517,145.35517,10/15/1998,1998,98/99,41,14,0,0,45.64401865,
LINNET,CL,I,-14.78517,145.35517,10/23/1999,1999,99/00,42,8,0,1,41.68985058,1
LINNET,CL,I,-14.78517,145.35517,7/20/2000,2000,00/01,29,0,0,0,45.9573862,0
LINNET,CL,I,-14.78517,145.35517,7/2/2001,2001,2-Jan,27,4,2,0,50.06876835,0
LINNET,CL,I,-14.78517,145.35517,8/1/2002,2002,3-Feb,31,9,0,49,51.03736359,49
LINNET,CL,I,-14.78517,145.35517,9/2/2003,2003,4-Mar,36,4,0,1,50.26951009,
LIZARD IS,CL,M,-14.69147,145.46923,10/16/1998,1998,98/99,41,16,0,1,12.66761543,
LIZARD IS,CL,M,-14.69147,145.46923,10/21/1999,1999,99/00,42,11,0,0,12.40368766,0
LIZARD IS,CL,M,-14.69147,145.46923,7/23/2000,2000,00/01,30,1,0,0,11.55821107,0
LIZARD IS,CL,M,-14.69147,145.46923,7/4/2001,2001,2-Jan,27,6,3,1,13.67840277,1
LIZARD IS,CL,M,-14.69147,145.46923,7/28/2002,2002,3-Feb,31,0,0,3,15.71672438,2
LIZARD IS,CL,M,-14.69147,145.46923,8/31/2003,2003,4-Mar,36,3,0,0,16.42296388,
LOW ISLES,CA,I,-16.38352,145.57095,1/25/1999,1999,98/99,4,24,2,0,21.3415639,
LOW ISLES,CA,I,-16.38352,145.57095,1/28/2000,2000,99/00,4,0,0,0,8.870708569,0
LOW ISLES,CA,I,-16.38352,145.57095,2/6/2001,2001,00/01,6,0,0,0,9.210802503,0
LOW ISLES,CA,I,-16.38352,145.57095,9/20/2001,2001,2-Jan,38,0,0,0,11.00488626,0
LOW ISLES,CA,I,-16.38352,145.57095,11/7/2002,2002,3-Feb,45,8,0,0,10.93752094,0
LOW ISLES,CA,I,-16.38352,145.57095,1/13/2004,2004,4-Mar,2,1,0,0,11.64825492,
MACGILLIV,CL,M,-14.64833,145.491,10/17/1998,1998,98/99,41,18,3,0,17.97645464,
MACGILLIV,CL,M,-14.64833,145.491,10/24/1999,1999,99/00,43,6,0,0,17.69027876,0
MACGILLIV,CL,M,-14.64833,145.491,7/18/2000,2000,00/01,29,1,0,3,19.13216861,3
MACGILLIV,CL,M,-14.64833,145.491,7/7/2001,2001,2-Jan,27,7,4,0,19.48010592,0
MACGILLIV,CL,M,-14.64833,145.491,7/24/2002,2002,3-Feb,30,3,0,2,20.08801753,2
MACGILLIV,CL,M,-14.64833,145.491,8/27/2003,2003,4-Mar,35,1,0,2,21.11842081,
MACKAY,CA,M,-16.04263,145.65455,1/27/1999,1999,98/99,4,22,0,0,27.87571189,
MACKAY,CA,M,-16.04263,145.65455,1/27/2000,2000,99/00,4,0,0,0,25.19222205,0
MACKAY,CA,M,-16.04263,145.65455,2/4/2001,2001,00/01,6,6,0,1,21.41359759,1
MACKAY,CA,M,-16.04263,145.65455,9/19/2001,2001,2-Jan,38,10,0,8,23.79487179,7
MACKAY,CA,M,-16.04263,145.65455,10/25/2002,2002,3-Feb,43,3,1,9,23.14057703,1
MACKAY,CA,M,-16.04263,145.65455,1/9/2004,2004,4-Mar,1,6,0,0,22.43338278,
MARTIN (1,CL,I,-14.7553,145.37223,10/19/1998,1998,98/99,42,15,0,1,24.8785173,
MARTIN (1,CL,I,-14.7553,145.37223,10/24/1999,1999,99/00,43,4,0,0,24.43646399,0
MARTIN (1,CL,I,-14.7553,145.37223,7/21/2000,2000,00/01,29,0,0,4,21.63288459,4
MARTIN (1,CL,I,-14.7553,145.37223,7/1/2001,2001,2-Jan,27,6,4,1,25.22483601,0
MARTIN (1,CL,I,-14.7553,145.37223,7/26/2002,2002,3-Feb,30,6,1,32,19.47236181,31
MARTIN (1,CL,I,-14.7553,145.37223,8/31/2003,2003,4-Mar,36,5,0,1,23.80235551,
MICHAELMA,CA,M,-16.54865,146.05,2/6/1999,1999,98/99,5,30,3,0,25.6771009,
MICHAELMA,CA,M,-16.54865,146.05,1/30/2000,2000,99/00,5,1,0,0,21.52123045,0
MICHAELMA,CA,M,-16.54865,146.05,2/13/2001,2001,00/01,7,1,0,0,23.67531806,0
MICHAELMA,CA,M,-16.54865,146.05,9/28/2001,2001,2-Jan,39,3,0,2,23.5047841,2
MICHAELMA,CA,M,-16.54865,146.05,11/2/2002,2002,3-Feb,44,5,2,92,22.86685132,90
MICHAELMA,CA,M,-16.54865,146.05,1/11/2004,2004,4-Mar,2,7,0,9,22.03025296,
MYRMIDON,TO,O,-18.25717,147.38127,4/27/1999,1999,98/99,17,24,0,0,38.6213635,
MYRMIDON,TO,O,-18.25717,147.38127,5/14/2000,2000,99/00,20,1,0,0,33.74036516,0
MYRMIDON,TO,O,-18.25717,147.38127,5/1/2001,2001,00/01,18,3,0,0,34.94691553,0
MYRMIDON,TO,O,-18.25717,147.38127,2/11/2002,2002,2-Jan,7,10,0,0,34.57640799,0
MYRMIDON,TO,O,-18.25717,147.38127,3/12/2003,2003,3-Feb,11,1,0,0,23.56397205,0
MYRMIDON,TO,O,-18.25717,147.38127,4/24/2004,2004,4-Mar,16,10,5,4,28.25871404,
NO NAME,CL,O,-14.62787,145.64533,10/9/1998,1998,98/99,40,8,0,3,59.15694239,
NO NAME,CL,O,-14.62787,145.64533,10/20/1999,1999,99/00,42,10,0,2,51.74181523,0
NO NAME,CL,O,-14.62787,145.64533,8/1/2000,2000,00/01,31,0,0,0,52.17049724,0
NO NAME,CL,O,-14.62787,145.64533,7/7/2001,2001,2-Jan,27,3,0,49,56.57762358,49
NO NAME,CL,O,-14.62787,145.64533,7/30/2002,2002,3-Feb,31,2,1,75,49.20807368,26
NO NAME,CL,O,-14.62787,145.64533,8/24/2003,2003,4-Mar,35,2,0,27,50.66257058,
NORTH DIR,CL,M,-14.74355,145.51577,10/20/1998,1998,98/99,42,18,0,2,16.23281351,
NORTH DIR,CL,M,-14.74355,145.51577,10/10/1999,1999,99/00,41,9,1,0,16.65494785,0
NORTH DIR,CL,M,-14.74355,145.51577,7/16/2000,2000,00/01,29,4,3,0,20.98015337,0
NORTH DIR,CL,M,-14.74355,145.51577,7/5/2001,2001,2-Jan,27,5,4,2,19.83266332,2
NORTH DIR,CL,M,-14.74355,145.51577,7/28/2002,2002,3-Feb,31,7,2,9,24.6343899,7
NORTH DIR,CL,M,-14.74355,145.51577,8/29/2003,2003,4-Mar,35,2,0,5,24.00208744,
ONE TREE,CB,O,-23.48365,152.08878,11/29/1998,1998,98/99,48,18,0,2,55.73836772,
ONE TREE,CB,O,-23.48365,152.08878,12/5/1999,1999,99/00,49,2,0,6,64.32231354,4
ONE TREE,CB,O,-23.48365,152.08878,9/15/2000,2000,00/01,37,1,0,3,67.00958238,0
ONE TREE,CB,O,-23.48365,152.08878,8/5/2001,2001,2-Jan,32,2,0,17,72.28348968,14
ONE TREE,CB,O,-23.48365,152.08878,9/17/2002,2002,3-Feb,38,13,2,336,76.13333333,319
ONE TREE,CB,O,-23.48365,152.08878,10/31/2003,2003,4-Mar,44,6,0,20,72.0925113,
OPAL (2),CA,O,-16.20343,145.9062,2/1/1999,1999,98/99,5,20,0,1,21.45146266,
OPAL (2),CA,O,-16.20343,145.9062,1/22/2000,2000,99/00,3,0,0,0,19.52286607,0
OPAL (2),CA,O,-16.20343,145.9062,1/27/2001,2001,00/01,4,1,0,0,18.7124011,0
OPAL (2),CA,O,-16.20343,145.9062,9/16/2001,2001,2-Jan,38,4,0,4,19.84396642,4
OPAL (2),CA,O,-16.20343,145.9062,11/5/2002,2002,3-Feb,45,3,1,15,19.06861472,11
OPAL (2),CA,O,-16.20343,145.9062,1/5/2004,2004,4-Mar,1,5,0,1,19.77384944,
PANDORA (,TO,I,-18.8125,146.42742,5/3/1999,1999,98/99,18,21,0,0,45.86290023,
PANDORA (,TO,I,-18.8125,146.42742,5/6/2000,2000,99/00,18,0,0,0,41.61888808,0
PANDORA (,TO,I,-18.8125,146.42742,5/10/2001,2001,00/01,19,3,0,0,40.18340158,0
PANDORA (,TO,I,-18.8125,146.42742,2/20/2002,2002,2-Jan,8,10,2,0,39.43647506,0
PANDORA (,TO,I,-18.8125,146.42742,3/21/2003,2003,3-Feb,12,0,0,0,40.74684685,0
PANDORA (,TO,I,-18.8125,146.42742,4/22/2004,2004,4-Mar,16,4,1,0,43.4,
REBE,WH,O,-19.7922,150.16142,3/5/1999,1999,98/99,9,18,1,0,19.3853578,
REBE,WH,O,-19.7922,150.16142,3/14/2000,2000,99/00,11,0,0,0,20.93310785,0
REBE,WH,O,-19.7922,150.16142,3/24/2001,2001,00/01,12,0,0,1,18.81110721,1
REBE,WH,O,-19.7922,150.16142,11/6/2001,2001,2-Jan,45,3,0,3,20.57406224,2
REBE,WH,O,-19.7922,150.16142,11/28/2002,2002,3-Feb,48,1,1,1,18.66825397,0
REBE,WH,O,-19.7922,150.16142,2/28/2004,2004,4-Mar,8,0,0,3,19.09553067,
RIB,TO,M,-18.47182,146.87865,4/30/1999,1999,98/99,17,23,0,12,44.40652543,
RIB,TO,M,-18.47182,146.87865,4/30/2000,2000,99/00,18,1,0,0,28.39552449,0
RIB,TO,M,-18.47182,146.87865,5/7/2001,2001,00/01,19,2,2,0,7.100105941,0
RIB,TO,M,-18.47182,146.87865,2/18/2002,2002,2-Jan,8,11,2,1,5.015092469,1
RIB,TO,M,-18.47182,146.87865,3/8/2003,2003,3-Feb,10,2,0,1,3.240350877,0
RIB,TO,M,-18.47182,146.87865,4/19/2004,2004,4-Mar,16,1,1,0,3.541880342,
ST. CRISP,CA,O,-16.07158,145.84515,1/30/1999,1999,98/99,4,22,0,1,25.84931769,
ST. CRISP,CA,O,-16.07158,145.84515,1/23/2000,2000,99/00,4,0,0,0,20.96171595,0
ST. CRISP,CA,O,-16.07158,145.84515,1/28/2001,2001,00/01,5,0,0,2,22.36959957,2
ST. CRISP,CA,O,-16.07158,145.84515,9/17/2001,2001,2-Jan,38,9,1,3,22.76725714,1
ST. CRISP,CA,O,-16.07158,145.84515,10/28/2002,2002,3-Feb,44,5,2,19,24.1,16
ST. CRISP,CA,O,-16.07158,145.84515,1/6/2004,2004,4-Mar,1,1,0,1,25.04187838,
THETFORD,CA,M,-16.7988,146.19812,2/7/1999,1999,98/99,6,18,1,1,36.06391008,
THETFORD,CA,M,-16.7988,146.19812,2/1/2000,2000,99/00,5,4,0,3,22.95761103,2
THETFORD,CA,M,-16.7988,146.19812,9/26/2001,2001,2-Jan,39,5,0,1,5.587718906,0
THETFORD,CA,M,-16.7988,146.19812,11/1/2002,2002,3-Feb,44,4,0,60,3.846678094,59
THETFORD,CA,M,-16.7988,146.19812,1/17/2004,2004,4-Mar,2,3,0,2,5.608752554,
TURNER CA,SW,O,-21.70308,152.56012,12/9/1998,1998,98/99,49,17,2,2,33.37874341,
TURNER CA,SW,O,-21.70308,152.56012,11/24/1999,1999,99/00,47,1,0,1,32.12031417,0
TURNER CA,SW,O,-21.70308,152.56012,9/5/2000,2000,00/01,36,0,0,0,31.03463549,0
TURNER CA,SW,O,-21.70308,152.56012,8/17/2001,2001,2-Jan,33,4,0,0,19.76410256,0
TURNER CA,SW,O,-21.70308,152.56012,9/9/2002,2002,3-Feb,37,7,2,8,13.57987493,8
TURNER CA,SW,O,-21.70308,152.56012,10/21/2003,2003,4-Mar,43,0,0,0,12.90645653,
WRECK ISL,CB,O,-23.31722,151.97623,11/28/1998,1998,98/99,47,19,5,3,71.41940299,
WRECK ISL,CB,O,-23.31722,151.97623,12/6/1999,1999,99/00,49,1,1,11,69.26876409,8
WRECK ISL,CB,O,-23.31722,151.97623,9/14/2000,2000,00/01,37,0,0,16,60.90187969,5
WRECK ISL,CB,O,-23.31722,151.97623,8/7/2001,2001,2-Jan,32,3,0,77,66.62686614,61
WRECK ISL,CB,O,-23.31722,151.97623,9/16/2002,2002,3-Feb,38,7,2,221,59.7983165,144
WRECK ISL,CB,O,-23.31722,151.97623,11/1/2003,2003,4-Mar,44,1,0,17,55.99252233,
YONGE,CL,O,-14.57012,145.61827,10/12/1998,1998,98/99,41,15,0,0,54.458476,
YONGE,CL,O,-14.57012,145.61827,10/17/1999,1999,99/00,42,6,0,7,54.02063499,7
YONGE,CL,O,-14.57012,145.61827,7/19/2000,2000,00/01,29,0,0,0,57.66076336,0
YONGE,CL,O,-14.57012,145.61827,7/7/2001,2001,2-Jan,27,6,3,51,61.45152592,51
YONGE,CL,O,-14.57012,145.61827,7/31/2002,2002,3-Feb,31,1,0,30,56.98859487,0
YONGE,CL,O,-14.57012,145.61827,8/25/2003,2003,4-Mar,35,3,0,26,59.11175234,
