"Start.Date","Last.Observed","SdlgCensor","Parent","HabitCode","SdlgCode","parentlight","left.bound","right.bound"
"8/10/2004","11/14/2004",1,138,1,2138,95.30253887,NA,96
"8/10/2004","11/14/2004",1,138,1,2139,95.30253887,NA,96
"8/10/2004","11/14/2004",1,138,1,2141,95.30253887,NA,96
"8/10/2004","11/14/2004",1,138,1,2142,95.30253887,NA,96
"8/10/2004","11/14/2004",1,138,1,2143,95.30253887,NA,96
"8/10/2004","11/14/2004",1,138,1,2144,95.30253887,NA,96
"8/10/2004","11/14/2004",1,138,1,2145,95.30253887,NA,96
"8/10/2004","11/14/2004",1,138,1,2146,95.30253887,NA,96
"8/10/2004","11/14/2004",1,138,1,2147,95.30253887,NA,96
"8/10/2004","11/14/2004",1,138,1,2148,95.30253887,NA,96
"8/10/2004","11/14/2004",1,138,1,2149,95.30253887,NA,96
"8/10/2004","11/14/2004",1,138,1,2150,95.30253887,NA,96
"8/10/2004","11/14/2004",1,138,1,2151,95.30253887,NA,96
"8/10/2004","11/14/2004",1,138,1,2152,95.30253887,NA,96
"8/10/2004","11/14/2004",1,138,1,2153,95.30253887,NA,96
"8/10/2004","11/14/2004",1,138,1,2154,95.30253887,NA,96
"8/10/2004","11/14/2004",1,138,1,2155,95.30253887,NA,96
"8/10/2004","11/14/2004",1,138,1,2156,95.30253887,NA,96
"8/10/2004","11/14/2004",1,138,1,2157,95.30253887,NA,96
"8/10/2004","11/14/2004",1,138,1,2158,95.30253887,NA,96
"8/10/2004","11/14/2004",1,138,1,2159,95.30253887,NA,96
"8/10/2004","11/14/2004",1,138,1,2160,95.30253887,NA,96
"8/10/2004","11/14/2004",1,138,1,2161,95.30253887,NA,96
"8/10/2004","11/14/2004",1,138,1,2162,95.30253887,NA,96
"5/17/2004","11/14/2004",1,138,1,2196,95.30253887,85,181
"5/17/2004","11/14/2004",1,138,1,2197,95.30253887,85,181
"5/17/2004","11/14/2004",1,138,1,2260,95.30253887,85,181
"8/10/2004","2/13/2005",1,138,1,1516,95.30253887,97,187
"8/10/2004","2/13/2005",1,138,1,1518,95.30253887,97,187
"8/10/2004","2/13/2005",1,138,1,1519,95.30253887,97,187
"8/10/2004","2/13/2005",1,138,1,1522,95.30253887,97,187
"8/10/2004","2/13/2005",1,138,1,1523,95.30253887,97,187
"8/10/2004","2/13/2005",1,138,1,1524,95.30253887,97,187
"8/10/2004","2/13/2005",1,138,1,1525,95.30253887,97,187
"8/10/2004","2/13/2005",1,138,1,1526,95.30253887,97,187
"8/10/2004","2/13/2005",1,138,1,1527,95.30253887,97,187
"8/10/2004","2/13/2005",1,138,1,1528,95.30253887,97,187
"8/10/2004","2/13/2005",1,138,1,1529,95.30253887,97,187
"8/10/2004","2/13/2005",1,138,1,1530,95.30253887,97,187
"8/10/2004","2/13/2005",1,138,1,1532,95.30253887,97,187
"8/10/2004","2/13/2005",1,138,1,1533,95.30253887,97,187
"8/10/2004","2/13/2005",1,138,1,1534,95.30253887,97,187
"8/10/2004","2/13/2005",1,138,1,1535,95.30253887,97,187
"8/10/2004","2/13/2005",1,138,1,1536,95.30253887,97,187
"8/10/2004","2/13/2005",1,138,1,1537,95.30253887,97,187
"8/10/2004","2/13/2005",1,138,1,1538,95.30253887,97,187
"8/10/2004","2/13/2005",1,138,1,1539,95.30253887,97,187
"8/10/2004","5/15/2005",1,138,1,948,95.30253887,188,278
"8/10/2004","5/15/2005",1,138,1,1107,95.30253887,188,278
"8/10/2004","5/15/2005",1,138,1,1108,95.30253887,188,278
"8/10/2004","5/15/2005",1,138,1,1109,95.30253887,188,278
"8/10/2004","5/15/2005",1,138,1,1110,95.30253887,188,278
"8/10/2004","5/15/2005",1,138,1,1111,95.30253887,188,278
"8/10/2004","5/15/2005",1,138,1,1112,95.30253887,188,278
"8/10/2004","7/31/2005",1,138,1,853,95.30253887,279,355
"8/1/2005","11/14/2005",1,138,1,16,95.30253887,NA,105
"8/10/2004","11/14/2005",1,138,1,101,95.30253887,356,461
"8/10/2004","11/14/2005",1,138,1,102,95.30253887,356,461
"8/10/2004","11/14/2005",1,138,1,103,95.30253887,356,461
"8/10/2004","11/14/2005",1,138,1,104,95.30253887,356,461
"8/10/2004","11/14/2005",1,138,1,105,95.30253887,356,461
"8/1/2005","2/21/2006",1,138,1,264,95.30253887,106,204
"8/1/2005","2/21/2006",1,138,1,265,95.30253887,106,204
"8/10/2004","10/24/2006",1,138,1,413,95.30253887,462,805
"8/10/2004","10/24/2006",1,138,1,414,95.30253887,462,805
"8/10/2004","10/24/2006",1,138,1,415,95.30253887,462,805
"8/10/2004","11/14/2004",1,139,1,2163,66.31249301,NA,96
"11/15/2004","2/13/2005",1,139,1,1321,66.31249301,NA,90
"5/17/2004","2/13/2005",1,139,1,1329,66.31249301,182,272
"8/10/2004","2/13/2005",1,139,1,1540,66.31249301,97,187
"5/17/2004","2/13/2005",1,139,1,1577,66.31249301,182,272
"5/17/2004","2/13/2005",1,139,1,1578,66.31249301,182,272
"5/17/2004","2/13/2005",1,139,1,1649,66.31249301,182,272
"5/17/2004","2/13/2005",1,139,1,1650,66.31249301,182,272
"5/17/2004","2/13/2005",1,139,1,1651,66.31249301,182,272
"5/17/2004","5/15/2005",1,139,1,969,66.31249301,273,363
"8/10/2004","5/15/2005",1,139,1,1113,66.31249301,188,278
"8/10/2004","5/15/2005",1,139,1,1114,66.31249301,188,278
"5/17/2004","5/15/2005",1,139,1,1160,66.31249301,273,363
"5/17/2004","5/15/2005",1,139,1,1161,66.31249301,273,363
"5/17/2004","7/31/2005",1,139,1,864,66.31249301,364,440
"5/17/2004","11/14/2005",1,139,1,33,66.31249301,441,546
"5/17/2004","8/9/2004",1,1,3,2453,100,NA,84
"8/10/2004","11/14/2004",1,1,3,2170,100,NA,96
"8/10/2004","5/15/2005",1,1,3,949,100,188,278
"11/15/2004","5/15/2005",1,1,3,955,100,91,181
"8/10/2004","5/15/2005",1,1,3,1116,100,188,278
"8/10/2004","5/15/2005",1,1,3,1117,100,188,278
"8/10/2004","5/15/2005",1,1,3,1118,100,188,278
"8/10/2004","5/15/2005",1,1,3,1119,100,188,278
"8/10/2004","5/15/2005",1,1,3,1120,100,188,278
"2/24/2004","5/15/2005",1,1,3,1168,100,356,446
"8/10/2004","11/14/2005",1,1,3,240,100,356,461
"8/10/2004","10/24/2006",1,1,3,337,100,462,805
"8/10/2004","6/28/2007",0,1,3,705,100,462,NA
"8/10/2004","2/13/2005",1,2,3,1330,71.23745819,97,187
"8/10/2004","2/13/2005",1,2,3,1549,71.23745819,97,187
"8/10/2004","2/13/2005",1,2,3,1550,71.23745819,97,187
"8/10/2004","2/13/2005",1,2,3,1551,71.23745819,97,187
"8/10/2004","2/13/2005",1,2,3,1552,71.23745819,97,187
"8/10/2004","5/15/2005",1,2,3,971,71.23745819,188,278
"8/10/2004","5/15/2005",1,2,3,1121,71.23745819,188,278
"8/10/2004","5/15/2005",1,2,3,1122,71.23745819,188,278
"8/10/2004","7/31/2005",1,2,3,855,71.23745819,279,355
"8/10/2004","10/24/2006",1,2,3,338,71.23745819,462,805
"8/10/2004","10/24/2006",1,2,3,339,71.23745819,462,805
"8/10/2004","10/24/2006",1,2,3,340,71.23745819,462,805
"8/10/2004","10/24/2006",1,2,3,342,71.23745819,462,805
"8/10/2004","10/24/2006",1,2,3,343,71.23745819,462,805
"8/10/2004","10/24/2006",1,2,3,344,71.23745819,462,805
"8/10/2004","6/27/2007",1,2,3,341,71.23745819,462,1051
"8/10/2004","6/28/2007",0,2,3,297,71.23745819,462,NA
"11/15/2004","7/31/2005",1,4,3,743,56.58647103,182,258
"11/15/2004","7/31/2005",1,4,3,744,56.58647103,182,258
"2/24/2004","10/24/2006",1,4,3,439,56.58647103,630,973
"8/10/2004","6/27/2007",1,4,3,345,56.58647103,462,1051
"8/10/2004","2/13/2005",1,5,1,1331,88.67023754,97,187
"8/10/2004","5/15/2005",1,5,1,972,88.67023754,188,278
"8/10/2004","7/31/2005",1,5,1,757,88.67023754,279,355
"5/17/2004","8/9/2004",1,6,3,2454,87.45279965,NA,84
"8/10/2004","11/14/2004",1,6,3,1916,87.45279965,NA,96
"8/10/2004","11/14/2004",1,6,3,1917,87.45279965,NA,96
"8/10/2004","2/13/2005",1,6,3,1332,87.45279965,97,187
"8/10/2004","2/13/2005",1,6,3,1333,87.45279965,97,187
"8/10/2004","5/15/2005",1,6,3,973,87.45279965,188,278
"8/10/2004","7/31/2005",1,6,3,739,87.45279965,279,355
"8/10/2004","7/31/2005",1,6,3,758,87.45279965,279,355
"8/10/2004","7/31/2005",1,6,3,759,87.45279965,279,355
"8/10/2004","7/31/2005",1,6,3,760,87.45279965,279,355
"8/10/2004","7/31/2005",1,6,3,761,87.45279965,279,355
"8/10/2004","7/31/2005",1,6,3,762,87.45279965,279,355
"8/10/2004","7/31/2005",1,6,3,763,87.45279965,279,355
"8/10/2004","7/31/2005",1,6,3,764,87.45279965,279,355
"8/10/2004","2/21/2006",1,6,3,298,87.45279965,462,560
"8/10/2004","2/21/2006",1,6,3,299,87.45279965,462,560
"5/17/2004","2/21/2006",1,6,3,418,87.45279965,547,645
"8/10/2004","10/24/2006",1,6,3,287,87.45279965,462,805
"8/10/2004","10/24/2006",1,6,3,347,87.45279965,462,805
"8/10/2004","10/24/2006",1,6,3,348,87.45279965,462,805
"5/17/2004","10/24/2006",1,6,3,424,87.45279965,547,890
"8/10/2004","6/27/2007",1,6,3,346,87.45279965,462,1051
"5/17/2004","8/9/2004",1,7,1,2571,76.71169073,NA,84
"8/10/2004","11/14/2004",1,7,1,1918,76.71169073,NA,96
"8/10/2004","11/14/2004",1,7,1,1919,76.71169073,NA,96
"8/10/2004","11/14/2004",1,7,1,1920,76.71169073,NA,96
"8/10/2004","5/15/2005",1,7,1,974,76.71169073,188,278
"8/10/2004","7/31/2005",1,7,1,765,76.71169073,279,355
"8/10/2004","11/14/2005",1,7,1,34,76.71169073,356,461
"8/10/2004","11/14/2005",1,7,1,35,76.71169073,356,461
"8/10/2004","2/21/2006",1,7,1,300,76.71169073,462,560
"8/10/2004","2/21/2006",1,7,1,301,76.71169073,462,560
"8/10/2004","10/24/2006",1,7,1,349,76.71169073,462,805
"8/10/2004","10/24/2006",1,7,1,351,76.71169073,462,805
"8/10/2004","6/28/2007",1,7,1,350,76.71169073,462,1052
"8/10/2004","10/24/2006",1,8,3,352,93.06289783,462,805
"5/17/2004","8/9/2004",1,9,1,2455,90.64463579,NA,84
"5/17/2004","8/9/2004",1,9,1,2456,90.64463579,NA,84
"5/17/2004","8/9/2004",1,9,1,2457,90.64463579,NA,84
"5/17/2004","8/9/2004",1,9,1,2572,90.64463579,NA,84
"8/10/2004","11/14/2004",1,9,1,1921,90.64463579,NA,96
"8/10/2004","11/14/2004",1,9,1,1922,90.64463579,NA,96
"8/10/2004","11/14/2004",1,9,1,1923,90.64463579,NA,96
"8/10/2004","11/14/2004",1,9,1,1924,90.64463579,NA,96
"8/10/2004","11/14/2004",1,9,1,1925,90.64463579,NA,96
"8/10/2004","11/14/2004",1,9,1,1926,90.64463579,NA,96
"5/17/2004","11/14/2004",1,9,1,2200,90.64463579,85,181
"5/17/2004","11/14/2004",1,9,1,2201,90.64463579,85,181
"5/17/2004","11/14/2004",1,9,1,2202,90.64463579,85,181
"5/17/2004","11/14/2004",1,9,1,2203,90.64463579,85,181
"5/17/2004","11/14/2004",1,9,1,2262,90.64463579,85,181
"2/24/2004","11/14/2004",1,9,1,2290,90.64463579,168,264
"8/10/2004","2/13/2005",1,9,1,1334,90.64463579,97,187
"8/10/2004","2/13/2005",1,9,1,1335,90.64463579,97,187
"8/10/2004","2/13/2005",1,9,1,1336,90.64463579,97,187
"8/10/2004","2/13/2005",1,9,1,1337,90.64463579,97,187
"8/10/2004","2/13/2005",1,9,1,1338,90.64463579,97,187
"8/10/2004","2/13/2005",1,9,1,1339,90.64463579,97,187
"8/10/2004","2/13/2005",1,9,1,1340,90.64463579,97,187
"8/10/2004","2/13/2005",1,9,1,1341,90.64463579,97,187
"8/10/2004","2/13/2005",1,9,1,1342,90.64463579,97,187
"8/10/2004","2/13/2005",1,9,1,1343,90.64463579,97,187
"8/10/2004","2/13/2005",1,9,1,1344,90.64463579,97,187
"8/10/2004","2/13/2005",1,9,1,1345,90.64463579,97,187
"5/17/2004","2/13/2005",1,9,1,1579,90.64463579,182,272
"5/17/2004","2/13/2005",1,9,1,1580,90.64463579,182,272
"5/17/2004","2/13/2005",1,9,1,1581,90.64463579,182,272
"5/17/2004","2/13/2005",1,9,1,1582,90.64463579,182,272
"2/24/2004","2/13/2005",1,9,1,1675,90.64463579,265,355
"8/10/2004","5/15/2005",1,9,1,975,90.64463579,188,278
"8/10/2004","5/15/2005",1,9,1,976,90.64463579,188,278
"8/10/2004","5/15/2005",1,9,1,977,90.64463579,188,278
"8/10/2004","5/15/2005",1,9,1,978,90.64463579,188,278
"8/10/2004","7/31/2005",1,9,1,766,90.64463579,279,355
"8/10/2004","7/31/2005",1,9,1,767,90.64463579,279,355
"8/10/2004","7/31/2005",1,9,1,768,90.64463579,279,355
"8/10/2004","7/31/2005",1,9,1,769,90.64463579,279,355
"5/17/2004","7/31/2005",1,9,1,865,90.64463579,364,440
"8/10/2004","11/14/2005",1,9,1,36,90.64463579,356,461
"8/10/2004","11/14/2005",1,9,1,37,90.64463579,356,461
"8/10/2004","11/14/2005",1,9,1,38,90.64463579,356,461
"8/10/2004","11/14/2005",1,9,1,39,90.64463579,356,461
"8/10/2004","11/14/2005",1,9,1,40,90.64463579,356,461
"8/10/2004","11/14/2005",1,9,1,41,90.64463579,356,461
"8/10/2004","11/14/2005",1,9,1,42,90.64463579,356,461
"8/10/2004","11/14/2005",1,9,1,43,90.64463579,356,461
"5/17/2004","11/14/2005",1,9,1,128,90.64463579,441,546
"5/17/2004","10/24/2006",1,9,1,425,90.64463579,547,890
"8/10/2004","11/14/2004",1,10,3,1927,91.33671378,NA,96
"8/10/2004","11/14/2004",1,10,3,1928,91.33671378,NA,96
"8/10/2004","11/14/2004",1,10,3,1929,91.33671378,NA,96
"8/10/2004","11/14/2004",1,10,3,1930,91.33671378,NA,96
"8/10/2004","2/13/2005",1,10,3,1288,91.33671378,97,187
"8/10/2004","2/13/2005",1,10,3,1346,91.33671378,97,187
"5/17/2004","2/13/2005",1,10,3,1702,91.33671378,182,272
"5/16/2005","7/31/2005",1,10,3,729,91.33671378,NA,76
"5/16/2005","2/21/2006",1,10,3,285,91.33671378,183,281
"8/10/2004","10/24/2006",1,10,3,353,91.33671378,462,805
"8/10/2004","6/28/2007",0,10,3,690,91.33671378,462,NA
"2/24/2004","8/9/2004",1,11,1,2651,100.5352572,83,167
"2/24/2004","8/9/2004",1,11,1,2652,100.5352572,83,167
"5/17/2004","11/14/2004",1,11,1,2204,100.5352572,85,181
"5/17/2004","11/14/2004",1,11,1,2264,100.5352572,85,181
"8/10/2004","2/13/2005",1,11,1,1347,100.5352572,97,187
"8/10/2004","2/13/2005",1,11,1,1348,100.5352572,97,187
"8/10/2004","2/13/2005",1,11,1,1349,100.5352572,97,187
"8/10/2004","2/13/2005",1,11,1,1350,100.5352572,97,187
"8/10/2004","2/13/2005",1,11,1,1351,100.5352572,97,187
"8/10/2004","2/13/2005",1,11,1,1352,100.5352572,97,187
"5/17/2004","2/13/2005",1,11,1,1583,100.5352572,182,272
"8/10/2004","5/15/2005",1,11,1,979,100.5352572,188,278
"8/10/2004","7/31/2005",1,11,1,770,100.5352572,279,355
"8/10/2004","11/14/2004",1,13,1,1931,19.87840185,NA,96
"8/10/2004","11/14/2004",1,13,1,1932,19.87840185,NA,96
"11/15/2004","2/13/2005",1,13,1,1308,19.87840185,NA,90
"8/10/2004","2/13/2005",1,13,1,1353,19.87840185,97,187
"8/10/2004","5/15/2005",1,13,1,980,19.87840185,188,278
"8/10/2004","5/15/2005",1,13,1,981,19.87840185,188,278
"8/10/2004","5/15/2005",1,13,1,982,19.87840185,188,278
"8/1/2005","6/27/2007",1,13,1,266,19.87840185,106,695
"8/10/2004","11/14/2005",1,14,3,244,84.02200885,356,461
"8/1/2005","6/27/2007",1,14,3,267,84.02200885,106,695
"8/10/2004","6/27/2007",1,14,3,355,84.02200885,462,1051
"8/10/2004","6/28/2007",0,14,3,354,84.02200885,462,NA
"2/24/2004","5/16/2004",1,15,1,2859,37.82570932,NA,82
"5/17/2004","8/9/2004",1,15,1,2458,37.82570932,NA,84
"5/17/2004","8/9/2004",1,15,1,2573,37.82570932,NA,84
"5/17/2004","8/9/2004",1,15,1,2574,37.82570932,NA,84
"8/10/2004","11/14/2004",1,15,1,1933,37.82570932,NA,96
"8/10/2004","11/14/2004",1,15,1,1934,37.82570932,NA,96
"8/10/2004","11/14/2004",1,15,1,1935,37.82570932,NA,96
"8/10/2004","11/14/2004",1,15,1,1936,37.82570932,NA,96
"8/10/2004","11/14/2004",1,15,1,1937,37.82570932,NA,96
"8/10/2004","11/14/2004",1,15,1,1938,37.82570932,NA,96
"8/10/2004","11/14/2004",1,15,1,1939,37.82570932,NA,96
"8/10/2004","11/14/2004",1,15,1,1940,37.82570932,NA,96
"8/10/2004","11/14/2004",1,15,1,1941,37.82570932,NA,96
"8/10/2004","11/14/2004",1,15,1,1942,37.82570932,NA,96
"8/10/2004","11/14/2004",1,15,1,1943,37.82570932,NA,96
"8/10/2004","11/14/2004",1,15,1,1944,37.82570932,NA,96
"8/10/2004","11/14/2004",1,15,1,1945,37.82570932,NA,96
"8/10/2004","11/14/2004",1,15,1,1946,37.82570932,NA,96
"8/10/2004","11/14/2004",1,15,1,1947,37.82570932,NA,96
"8/10/2004","11/14/2004",1,15,1,1948,37.82570932,NA,96
"8/10/2004","11/14/2004",1,15,1,1949,37.82570932,NA,96
"8/10/2004","11/14/2004",1,15,1,1950,37.82570932,NA,96
"8/10/2004","11/14/2004",1,15,1,1951,37.82570932,NA,96
"8/10/2004","11/14/2004",1,15,1,1952,37.82570932,NA,96
"8/10/2004","11/14/2004",1,15,1,1953,37.82570932,NA,96
"8/10/2004","11/14/2004",1,15,1,1954,37.82570932,NA,96
"8/10/2004","2/13/2005",1,15,1,1354,37.82570932,97,187
"8/1/2005","2/21/2006",1,15,1,251,37.82570932,106,204
"8/1/2005","2/21/2006",1,15,1,252,37.82570932,106,204
"11/15/2005","10/24/2006",1,15,1,248,37.82570932,NA,343
"5/17/2004","8/9/2004",1,16,3,2459,97.50564566,NA,84
"8/10/2004","7/31/2005",1,16,3,771,97.50564566,279,355
"8/10/2004","11/14/2005",1,16,3,44,97.50564566,356,461
"8/1/2005","2/21/2006",1,16,3,253,97.50564566,106,204
"8/1/2005","6/27/2007",1,16,3,269,97.50564566,106,695
"8/1/2005","6/28/2007",0,16,3,270,97.50564566,106,NA
"8/1/2005","6/28/2007",0,16,3,268,97.50564566,106,NA
"8/10/2004","6/28/2007",0,16,3,356,97.50564566,462,NA
"2/24/2004","5/16/2004",1,17,3,2860,77.93060973,NA,82
"8/10/2004","2/13/2005",1,17,3,1355,77.93060973,97,187
"8/10/2004","5/15/2005",1,17,3,940,77.93060973,188,278
"8/10/2004","5/15/2005",1,17,3,941,77.93060973,188,278
"8/10/2004","5/15/2005",1,17,3,983,77.93060973,188,278
"8/10/2004","7/31/2005",1,17,3,740,77.93060973,279,355
"8/10/2004","7/31/2005",1,17,3,772,77.93060973,279,355
"8/10/2004","7/31/2005",1,17,3,773,77.93060973,279,355
"8/1/2005","11/14/2005",1,17,3,1,77.93060973,NA,105
"8/10/2004","11/14/2005",1,17,3,24,77.93060973,356,461
"8/10/2004","11/14/2005",1,17,3,45,77.93060973,356,461
"5/17/2004","11/14/2005",1,17,3,110,77.93060973,441,546
"8/10/2004","10/24/2006",1,17,3,357,77.93060973,462,805
"5/17/2004","8/9/2004",1,18,1,2460,83.78691372,NA,84
"5/17/2004","8/9/2004",1,18,1,2461,83.78691372,NA,84
"5/17/2004","8/9/2004",1,18,1,2462,83.78691372,NA,84
"5/17/2004","8/9/2004",1,18,1,2575,83.78691372,NA,84
"5/17/2004","8/9/2004",1,18,1,2576,83.78691372,NA,84
"5/17/2004","8/9/2004",1,18,1,2577,83.78691372,NA,84
"5/17/2004","8/9/2004",1,18,1,2578,83.78691372,NA,84
"5/17/2004","8/9/2004",1,18,1,2579,83.78691372,NA,84
"5/17/2004","11/14/2004",1,18,1,1908,83.78691372,85,181
"8/10/2004","11/14/2004",1,18,1,1955,83.78691372,NA,96
"8/10/2004","11/14/2004",1,18,1,1956,83.78691372,NA,96
"5/17/2004","11/14/2004",1,18,1,2266,83.78691372,85,181
"11/15/2004","2/13/2005",1,18,1,1309,83.78691372,NA,90
"8/10/2004","2/13/2005",1,18,1,1356,83.78691372,97,187
"8/10/2004","2/13/2005",1,18,1,1357,83.78691372,97,187
"5/17/2004","5/15/2005",1,19,3,939,93.26626976,273,363
"2/24/2004","2/21/2006",1,19,3,291,93.26626976,630,728
"5/17/2004","8/9/2004",1,20,1,2463,30.22582513,NA,84
"5/17/2004","8/9/2004",1,20,1,2464,30.22582513,NA,84
"5/17/2004","8/9/2004",1,20,1,2465,30.22582513,NA,84
"5/17/2004","8/9/2004",1,20,1,2466,30.22582513,NA,84
"5/17/2004","8/9/2004",1,20,1,2467,30.22582513,NA,84
"5/17/2004","8/9/2004",1,20,1,2580,30.22582513,NA,84
"8/10/2004","11/14/2004",1,20,1,1957,30.22582513,NA,96
"8/10/2004","11/14/2004",1,20,1,1958,30.22582513,NA,96
"8/10/2004","11/14/2004",1,20,1,1959,30.22582513,NA,96
"8/10/2004","11/14/2004",1,20,1,1960,30.22582513,NA,96
"8/10/2004","11/14/2004",1,20,1,1961,30.22582513,NA,96
"5/17/2004","11/14/2004",1,20,1,2205,30.22582513,85,181
"5/17/2004","11/14/2004",1,20,1,2206,30.22582513,85,181
"8/10/2004","2/13/2005",1,20,1,1289,30.22582513,97,187
"8/10/2004","2/13/2005",1,20,1,1290,30.22582513,97,187
"8/10/2004","2/13/2005",1,20,1,1291,30.22582513,97,187
"8/10/2004","2/13/2005",1,20,1,1292,30.22582513,97,187
"11/15/2004","2/13/2005",1,20,1,1310,30.22582513,NA,90
"11/15/2004","2/13/2005",1,20,1,1311,30.22582513,NA,90
"11/15/2004","2/13/2005",1,20,1,1312,30.22582513,NA,90
"5/17/2004","2/13/2005",1,20,1,1322,30.22582513,182,272
"5/17/2004","2/13/2005",1,20,1,1323,30.22582513,182,272
"8/10/2004","2/13/2005",1,20,1,1358,30.22582513,97,187
"8/10/2004","2/13/2005",1,20,1,1359,30.22582513,97,187
"8/10/2004","2/13/2005",1,20,1,1360,30.22582513,97,187
"8/10/2004","2/13/2005",1,20,1,1361,30.22582513,97,187
"8/10/2004","2/13/2005",1,20,1,1362,30.22582513,97,187
"8/10/2004","2/13/2005",1,20,1,1363,30.22582513,97,187
"5/17/2004","2/13/2005",1,20,1,1584,30.22582513,182,272
"8/10/2004","5/15/2005",1,20,1,942,30.22582513,188,278
"5/17/2004","5/15/2005",1,20,1,950,30.22582513,273,363
"5/17/2004","5/15/2005",1,20,1,951,30.22582513,273,363
"5/17/2004","5/15/2005",1,20,1,1135,30.22582513,273,363
"5/17/2004","5/15/2005",1,20,1,1136,30.22582513,273,363
"5/17/2004","7/31/2005",1,20,1,856,30.22582513,364,440
"8/1/2005","11/14/2005",1,20,1,2,30.22582513,NA,105
"8/10/2004","10/24/2006",1,20,1,288,30.22582513,462,805
"8/10/2004","10/24/2006",1,20,1,358,30.22582513,462,805
"5/17/2004","10/24/2006",1,20,1,426,30.22582513,547,890
"5/17/2004","6/28/2007",0,20,1,294,30.22582513,547,NA
"8/10/2004","5/15/2005",1,21,3,984,77.44093214,188,278
"8/10/2004","7/31/2005",1,21,3,774,77.44093214,279,355
"8/10/2004","11/14/2005",1,21,3,46,77.44093214,356,461
"8/10/2004","10/24/2006",1,21,3,359,77.44093214,462,805
"2/24/2004","5/16/2004",1,22,1,2861,16.26519977,NA,82
"2/24/2004","5/16/2004",1,22,1,2862,16.26519977,NA,82
"2/24/2004","5/16/2004",1,22,1,2863,16.26519977,NA,82
"5/17/2004","8/9/2004",1,22,1,2468,16.26519977,NA,84
"5/17/2004","8/9/2004",1,22,1,2469,16.26519977,NA,84
"5/17/2004","8/9/2004",1,22,1,2470,16.26519977,NA,84
"5/17/2004","8/9/2004",1,22,1,2471,16.26519977,NA,84
"5/17/2004","8/9/2004",1,22,1,2472,16.26519977,NA,84
"5/17/2004","8/9/2004",1,22,1,2581,16.26519977,NA,84
"5/17/2004","8/9/2004",1,22,1,2582,16.26519977,NA,84
"2/24/2004","8/9/2004",1,22,1,2646,16.26519977,83,167
"5/17/2004","11/14/2004",1,22,1,2207,16.26519977,85,181
"5/17/2004","11/14/2004",1,22,1,2267,16.26519977,85,181
"5/17/2004","2/13/2005",1,22,1,1324,16.26519977,182,272
"8/10/2004","2/13/2005",1,22,1,1364,16.26519977,97,187
"8/10/2004","2/13/2005",1,22,1,1365,16.26519977,97,187
"8/10/2004","2/13/2005",1,22,1,1366,16.26519977,97,187
"8/10/2004","2/13/2005",1,22,1,1367,16.26519977,97,187
"5/17/2004","2/13/2005",1,22,1,1585,16.26519977,182,272
"5/17/2004","2/13/2005",1,22,1,1586,16.26519977,182,272
"5/17/2004","5/15/2005",1,22,1,1163,16.26519977,273,363
"2/14/2005","7/31/2005",1,23,3,738,85.13018714,91,167
"2/24/2004","5/16/2004",1,24,1,2872,91.95950663,NA,82
"2/24/2004","5/16/2004",1,24,1,2873,91.95950663,NA,82
"5/17/2004","2/13/2005",1,24,1,1654,91.95950663,182,272
"8/10/2004","5/15/2005",1,24,1,985,91.95950663,188,278
"8/10/2004","11/14/2004",1,25,3,1962,92.58819722,NA,96
"8/10/2004","11/14/2004",1,25,3,1963,92.58819722,NA,96
"8/10/2004","11/14/2004",1,25,3,1964,92.58819722,NA,96
"8/10/2004","2/13/2005",1,25,3,1293,92.58819722,97,187
"8/10/2004","10/24/2006",1,25,3,704,92.58819722,462,805
"2/24/2004","5/16/2004",1,26,1,1915,35.91523566,NA,82
"5/17/2004","8/9/2004",1,17,1,363,NA,NA,84
"5/17/2004","8/9/2004",1,26,1,2473,35.91523566,NA,84
"5/17/2004","8/9/2004",1,26,1,2474,35.91523566,NA,84
"5/17/2004","8/9/2004",1,26,1,2475,35.91523566,NA,84
"5/17/2004","8/9/2004",1,26,1,2476,35.91523566,NA,84
"8/10/2004","11/14/2004",1,26,1,1965,35.91523566,NA,96
"8/10/2004","11/14/2004",1,26,1,1966,35.91523566,NA,96
"8/10/2004","11/14/2004",1,26,1,1967,35.91523566,NA,96
"5/17/2004","11/14/2004",1,26,1,2208,35.91523566,85,181
"11/15/2004","2/13/2005",1,26,1,1313,35.91523566,NA,90
"8/10/2004","2/13/2005",1,26,1,1368,35.91523566,97,187
"8/10/2004","2/13/2005",1,26,1,1369,35.91523566,97,187
"5/17/2004","5/15/2005",1,26,1,965,35.91523566,273,363
"8/10/2004","5/15/2005",1,26,1,986,35.91523566,188,278
"5/17/2004","5/15/2005",1,26,1,1137,35.91523566,273,363
"5/17/2004","5/15/2005",1,26,1,1138,35.91523566,273,363
"5/17/2004","7/31/2005",1,26,1,751,35.91523566,364,440
"5/17/2004","7/31/2005",1,26,1,857,35.91523566,364,440
"5/17/2004","7/31/2005",1,26,1,858,35.91523566,364,440
"5/17/2004","11/14/2005",1,26,1,29,35.91523566,441,546
"5/17/2004","11/14/2005",1,26,1,30,35.91523566,441,546
"8/10/2004","11/14/2005",1,26,1,47,35.91523566,356,461
"5/17/2004","11/14/2005",1,26,1,111,35.91523566,441,546
"5/17/2004","11/14/2005",1,26,1,112,35.91523566,441,546
"5/17/2004","11/14/2005",1,26,1,113,35.91523566,441,546
"5/17/2004","11/14/2005",1,26,1,129,35.91523566,441,546
"8/10/2004","2/21/2006",1,26,1,302,35.91523566,462,560
"8/10/2004","2/21/2006",1,26,1,303,35.91523566,462,560
"8/10/2004","2/21/2006",1,26,1,304,35.91523566,462,560
"8/10/2004","2/21/2006",1,26,1,305,35.91523566,462,560
"8/1/2005","10/24/2006",1,26,1,271,35.91523566,106,449
"8/1/2005","10/24/2006",1,26,1,272,35.91523566,106,449
"8/1/2005","10/24/2006",1,26,1,273,35.91523566,106,449
"5/17/2004","10/24/2006",1,26,1,295,35.91523566,547,890
"8/10/2004","10/24/2006",1,26,1,360,35.91523566,462,805
"5/17/2004","10/24/2006",1,26,1,427,35.91523566,547,890
"5/17/2004","10/24/2006",1,26,1,428,35.91523566,547,890
"8/1/2005","6/27/2007",1,26,1,243,35.91523566,106,695
"11/15/2005","6/27/2007",1,26,1,249,35.91523566,NA,589
"8/10/2004","11/14/2004",1,27,3,1968,73.54622937,NA,96
"2/24/2004","5/16/2004",1,28,1,2874,89.7454634,NA,82
"5/17/2004","8/9/2004",1,28,1,2477,89.7454634,NA,84
"5/17/2004","8/9/2004",1,28,1,2478,89.7454634,NA,84
"5/17/2004","8/9/2004",1,28,1,2479,89.7454634,NA,84
"5/17/2004","8/9/2004",1,28,1,2480,89.7454634,NA,84
"5/17/2004","8/9/2004",1,28,1,2481,89.7454634,NA,84
"5/17/2004","8/9/2004",1,28,1,2482,89.7454634,NA,84
"5/17/2004","11/14/2004",1,28,1,1909,89.7454634,85,181
"5/17/2004","11/14/2004",1,28,1,1910,89.7454634,85,181
"8/10/2004","11/14/2004",1,28,1,1969,89.7454634,NA,96
"8/10/2004","11/14/2004",1,28,1,1970,89.7454634,NA,96
"8/10/2004","11/14/2004",1,28,1,1971,89.7454634,NA,96
"8/10/2004","11/14/2004",1,28,1,1972,89.7454634,NA,96
"5/17/2004","11/14/2004",1,28,1,2209,89.7454634,85,181
"8/10/2004","2/13/2005",1,28,1,1370,89.7454634,97,187
"8/10/2004","2/13/2005",1,28,1,1371,89.7454634,97,187
"8/10/2004","2/13/2005",1,28,1,1372,89.7454634,97,187
"5/17/2004","2/13/2005",1,28,1,1587,89.7454634,182,272
"8/10/2004","5/15/2005",1,28,1,987,89.7454634,188,278
"8/10/2004","5/15/2005",1,28,1,988,89.7454634,188,278
"5/17/2004","5/15/2005",1,28,1,1139,89.7454634,273,363
"8/1/2005","11/14/2005",1,28,1,3,89.7454634,NA,105
"8/1/2005","2/21/2006",1,28,1,254,89.7454634,106,204
"8/10/2004","2/13/2005",1,29,3,1294,65.59499407,97,187
"5/17/2004","8/9/2004",1,30,1,2483,80.08106543,NA,84
"8/10/2004","11/14/2004",1,30,1,1973,80.08106543,NA,96
"5/17/2004","11/14/2004",1,30,1,2210,80.08106543,85,181
"5/17/2004","2/13/2005",1,30,1,1325,80.08106543,182,272
"5/17/2004","2/13/2005",1,30,1,1326,80.08106543,182,272
"8/10/2004","2/13/2005",1,30,1,1373,80.08106543,97,187
"5/17/2004","2/13/2005",1,30,1,1588,80.08106543,182,272
"2/24/2004","5/16/2004",1,31,3,2864,85.71582695,NA,82
"8/10/2004","11/14/2004",1,31,3,1974,85.71582695,NA,96
"8/10/2004","11/14/2004",1,31,3,1975,85.71582695,NA,96
"8/10/2004","11/14/2004",1,32,1,1976,40.87200097,NA,96
"8/10/2004","11/14/2004",1,32,1,1977,40.87200097,NA,96
"5/17/2004","2/13/2005",1,32,1,1306,40.87200097,182,272
"8/10/2004","2/13/2005",1,32,1,1374,40.87200097,97,187
"8/10/2004","2/13/2005",1,32,1,1375,40.87200097,97,187
"5/17/2004","2/13/2005",1,32,1,1655,40.87200097,182,272
"8/10/2004","5/15/2005",1,32,1,989,40.87200097,188,278
"8/10/2004","5/15/2005",1,32,1,990,40.87200097,188,278
"8/10/2004","5/15/2005",1,32,1,991,40.87200097,188,278
"8/10/2004","5/15/2005",1,32,1,992,40.87200097,188,278
"8/10/2004","5/15/2005",1,32,1,993,40.87200097,188,278
"8/10/2004","5/15/2005",1,32,1,994,40.87200097,188,278
"8/10/2004","5/15/2005",1,32,1,995,40.87200097,188,278
"8/10/2004","5/15/2005",1,32,1,996,40.87200097,188,278
"8/10/2004","5/15/2005",1,32,1,997,40.87200097,188,278
"5/17/2004","5/15/2005",1,32,1,1140,40.87200097,273,363
"5/17/2004","7/31/2005",1,32,1,755,40.87200097,364,440
"8/1/2005","11/14/2005",1,32,1,4,40.87200097,NA,105
"8/1/2005","11/14/2005",1,32,1,5,40.87200097,NA,105
"8/1/2005","11/14/2005",1,32,1,6,40.87200097,NA,105
"8/1/2005","11/14/2005",1,32,1,7,40.87200097,NA,105
"8/1/2005","11/14/2005",1,32,1,8,40.87200097,NA,105
"8/1/2005","11/14/2005",1,32,1,9,40.87200097,NA,105
"5/17/2004","11/14/2005",1,32,1,114,40.87200097,441,546
"8/1/2005","2/21/2006",1,32,1,255,40.87200097,106,204
"8/1/2005","2/21/2006",1,32,1,256,40.87200097,106,204
"8/1/2005","2/21/2006",1,32,1,257,40.87200097,106,204
"8/1/2005","2/21/2006",1,32,1,258,40.87200097,106,204
"8/10/2004","2/21/2006",1,32,1,286,40.87200097,462,560
"8/10/2004","2/21/2006",1,32,1,306,40.87200097,462,560
"8/10/2004","2/21/2006",1,32,1,307,40.87200097,462,560
"8/1/2005","10/24/2006",1,32,1,274,40.87200097,106,449
"8/1/2005","10/24/2006",1,32,1,275,40.87200097,106,449
"8/10/2004","10/24/2006",1,32,1,289,40.87200097,462,805
"8/1/2005","6/27/2007",1,32,1,276,40.87200097,106,695
"8/1/2005","6/28/2007",0,32,1,277,40.87200097,106,NA
"11/15/2004","2/13/2005",1,34,1,1314,91.85773403,NA,90
"5/17/2004","2/13/2005",1,34,1,1589,91.85773403,182,272
"5/17/2004","8/9/2004",1,35,1,2484,12.9679698,NA,84
"5/17/2004","8/9/2004",1,35,1,2485,12.9679698,NA,84
"8/10/2004","11/14/2004",1,35,1,1978,12.9679698,NA,96
"8/10/2004","11/14/2004",1,35,1,1979,12.9679698,NA,96
"8/10/2004","11/14/2004",1,35,1,1980,12.9679698,NA,96
"8/10/2004","11/14/2004",1,35,1,1981,12.9679698,NA,96
"8/10/2004","11/14/2004",1,35,1,1982,12.9679698,NA,96
"8/10/2004","11/14/2004",1,35,1,1983,12.9679698,NA,96
"8/10/2004","11/14/2004",1,35,1,1984,12.9679698,NA,96
"8/10/2004","11/14/2004",1,35,1,1985,12.9679698,NA,96
"8/10/2004","11/14/2004",1,35,1,1986,12.9679698,NA,96
"8/10/2004","11/14/2004",1,35,1,1987,12.9679698,NA,96
"8/10/2004","11/14/2004",1,35,1,1988,12.9679698,NA,96
"8/10/2004","11/14/2004",1,35,1,1989,12.9679698,NA,96
"8/10/2004","11/14/2004",1,35,1,1990,12.9679698,NA,96
"11/15/2004","2/13/2005",1,35,1,1315,12.9679698,NA,90
"8/10/2004","2/13/2005",1,35,1,1376,12.9679698,97,187
"8/10/2004","2/13/2005",1,35,1,1377,12.9679698,97,187
"11/15/2004","5/15/2005",1,35,1,957,12.9679698,91,181
"8/10/2004","5/15/2005",1,35,1,998,12.9679698,188,278
"8/10/2004","5/15/2005",1,35,1,1000,12.9679698,188,278
"8/10/2004","5/15/2005",1,35,1,1001,12.9679698,188,278
"8/10/2004","5/15/2005",1,35,1,1002,12.9679698,188,278
"8/10/2004","5/15/2005",1,35,1,1003,12.9679698,188,278
"8/10/2004","5/15/2005",1,35,1,1004,12.9679698,188,278
"8/10/2004","5/15/2005",1,35,1,1005,12.9679698,188,278
"11/15/2004","7/31/2005",1,35,1,745,12.9679698,182,258
"8/10/2004","7/31/2005",1,35,1,775,12.9679698,279,355
"8/10/2004","7/31/2005",1,35,1,776,12.9679698,279,355
"8/10/2004","7/31/2005",1,35,1,777,12.9679698,279,355
"8/10/2004","7/31/2005",1,35,1,778,12.9679698,279,355
"8/10/2004","7/31/2005",1,35,1,779,12.9679698,279,355
"11/15/2004","11/14/2005",1,35,1,27,12.9679698,259,364
"8/10/2004","11/14/2005",1,35,1,48,12.9679698,356,461
"8/10/2004","11/14/2005",1,35,1,49,12.9679698,356,461
"5/17/2004","11/14/2005",1,35,1,115,12.9679698,441,546
"11/15/2005","2/21/2006",1,35,1,245,12.9679698,NA,98
"11/15/2005","2/21/2006",1,35,1,246,12.9679698,NA,98
"8/1/2005","2/21/2006",1,35,1,259,12.9679698,106,204
"8/1/2005","2/21/2006",1,35,1,260,12.9679698,106,204
"8/1/2005","10/24/2006",1,35,1,279,12.9679698,106,449
"8/1/2005","10/24/2006",1,35,1,280,12.9679698,106,449
"8/10/2004","10/24/2006",1,35,1,284,12.9679698,462,805
"11/15/2004","10/24/2006",1,35,1,292,12.9679698,365,708
"8/10/2004","10/24/2006",1,35,1,365,12.9679698,462,805
"8/10/2004","10/24/2006",1,35,1,366,12.9679698,462,805
"8/10/2004","10/24/2006",1,35,1,368,12.9679698,462,805
"8/10/2004","10/24/2006",1,35,1,369,12.9679698,462,805
"11/15/2005","6/27/2007",1,35,1,250,12.9679698,NA,589
"8/1/2005","6/27/2007",1,35,1,278,12.9679698,106,695
"8/10/2004","6/27/2007",1,35,1,361,12.9679698,462,1051
"8/10/2004","6/27/2007",1,35,1,362,12.9679698,462,1051
"8/10/2004","6/27/2007",1,35,1,367,12.9679698,462,1051
"8/10/2004","6/27/2007",1,35,1,370,12.9679698,462,1051
"8/10/2004","6/27/2007",1,35,1,999,12.9679698,462,1051
"8/10/2004","6/28/2007",0,35,1,364,12.9679698,462,NA
"5/17/2004","8/9/2004",1,36,1,2486,85.08098892,NA,84
"5/17/2004","8/9/2004",1,36,1,2487,85.08098892,NA,84
"5/17/2004","8/9/2004",1,36,1,2488,85.08098892,NA,84
"5/17/2004","11/14/2004",1,36,1,2211,85.08098892,85,181
"8/10/2004","2/13/2005",1,36,1,1378,85.08098892,97,187
"8/10/2004","11/14/2005",1,37,3,50,91.99552482,356,461
"8/10/2004","10/24/2006",1,37,3,371,91.99552482,462,805
"5/17/2004","10/24/2006",1,37,3,429,91.99552482,547,890
"8/10/2004","6/28/2007",0,37,3,372,91.99552482,462,NA
"8/10/2004","11/14/2004",1,39,1,1991,14.5731336,NA,96
"8/10/2004","11/14/2004",1,39,1,1992,14.5731336,NA,96
"5/17/2004","11/14/2004",1,39,1,2212,14.5731336,85,181
"5/17/2004","2/13/2005",1,39,1,1590,14.5731336,182,272
"8/10/2004","5/15/2005",1,39,1,943,14.5731336,188,278
"5/17/2004","5/15/2005",1,39,1,970,14.5731336,273,363
"8/10/2004","7/31/2005",1,39,1,780,14.5731336,279,355
"8/10/2004","7/31/2005",1,39,1,781,14.5731336,279,355
"8/10/2004","7/31/2005",1,39,1,782,14.5731336,279,355
"5/17/2004","7/31/2005",1,39,1,866,14.5731336,364,440
"5/17/2004","11/14/2005",1,39,1,31,14.5731336,441,546
"8/10/2004","11/14/2005",1,39,1,51,14.5731336,356,461
"5/17/2004","10/24/2006",1,39,1,430,14.5731336,547,890
"8/10/2004","2/13/2005",1,41,1,1295,18.48861284,97,187
"11/15/2004","7/31/2005",1,41,1,746,18.48861284,182,258
"8/10/2004","11/14/2005",1,41,1,25,18.48861284,356,461
"8/10/2004","11/14/2004",1,42,1,1993,89.31597691,NA,96
"8/10/2004","11/14/2004",1,42,1,1994,89.31597691,NA,96
"8/10/2004","2/13/2005",1,42,1,1379,89.31597691,97,187
"8/10/2004","2/13/2005",1,42,1,1380,89.31597691,97,187
"8/10/2004","2/13/2005",1,42,1,1381,89.31597691,97,187
"8/10/2004","5/15/2005",1,42,1,1006,89.31597691,188,278
"8/10/2004","11/14/2005",1,42,1,52,89.31597691,356,461
"8/10/2004","2/21/2006",1,42,1,308,89.31597691,462,560
"5/17/2004","2/21/2006",1,42,1,420,89.31597691,547,645
"8/10/2004","10/24/2006",1,42,1,373,89.31597691,462,805
"5/17/2004","8/9/2004",1,43,1,2489,80.79366982,NA,84
"5/17/2004","8/9/2004",1,43,1,2490,80.79366982,NA,84
"5/17/2004","8/9/2004",1,43,1,2491,80.79366982,NA,84
"5/17/2004","8/9/2004",1,43,1,2492,80.79366982,NA,84
"5/17/2004","11/14/2004",1,43,1,1911,80.79366982,85,181
"8/10/2004","11/14/2004",1,43,1,1995,80.79366982,NA,96
"5/17/2004","11/14/2004",1,43,1,2268,80.79366982,85,181
"8/10/2004","2/13/2005",1,43,1,1296,80.79366982,97,187
"5/17/2004","5/15/2005",1,43,1,966,80.79366982,273,363
"8/10/2004","5/15/2005",1,43,1,1007,80.79366982,188,278
"8/10/2004","5/15/2005",1,43,1,1008,80.79366982,188,278
"5/17/2004","5/15/2005",1,43,1,1164,80.79366982,273,363
"8/10/2004","5/15/2005",1,44,3,1009,90.11759629,188,278
"8/10/2004","11/14/2005",1,44,3,53,90.11759629,356,461
"5/17/2004","8/9/2004",1,45,1,2493,26.65148064,NA,84
"5/17/2004","8/9/2004",1,45,1,2494,26.65148064,NA,84
"5/17/2004","8/9/2004",1,45,1,2495,26.65148064,NA,84
"5/17/2004","11/14/2004",1,45,1,1912,26.65148064,85,181
"8/10/2004","11/14/2004",1,45,1,1996,26.65148064,NA,96
"8/10/2004","11/14/2004",1,45,1,1997,26.65148064,NA,96
"8/10/2004","2/13/2005",1,45,1,1382,26.65148064,97,187
"8/10/2004","2/13/2005",1,45,1,1383,26.65148064,97,187
"8/10/2004","2/13/2005",1,45,1,1384,26.65148064,97,187
"8/10/2004","2/13/2005",1,45,1,1385,26.65148064,97,187
"5/17/2004","5/15/2005",1,45,1,967,26.65148064,273,363
"8/10/2004","5/15/2005",1,45,1,1010,26.65148064,188,278
"8/10/2004","5/15/2005",1,45,1,1011,26.65148064,188,278
"8/10/2004","5/15/2005",1,45,1,1012,26.65148064,188,278
"8/10/2004","11/14/2004",1,136,3,2130,88.0187144,NA,96
"8/10/2004","11/14/2004",1,46,1,1998,92.91634292,NA,96
"11/15/2004","2/13/2005",1,46,1,1316,92.91634292,NA,90
"8/10/2004","2/13/2005",1,46,1,1386,92.91634292,97,187
"8/10/2004","2/13/2005",1,46,1,1387,92.91634292,97,187
"8/10/2004","2/13/2005",1,46,1,1388,92.91634292,97,187
"8/10/2004","2/13/2005",1,46,1,1389,92.91634292,97,187
"8/10/2004","2/13/2005",1,46,1,1390,92.91634292,97,187
"8/10/2004","2/13/2005",1,46,1,1391,92.91634292,97,187
"8/10/2004","2/13/2005",1,46,1,1392,92.91634292,97,187
"8/10/2004","2/13/2005",1,46,1,1393,92.91634292,97,187
"8/10/2004","2/13/2005",1,46,1,1394,92.91634292,97,187
"8/10/2004","2/13/2005",1,46,1,1395,92.91634292,97,187
"8/10/2004","2/13/2005",1,46,1,1396,92.91634292,97,187
"8/10/2004","5/15/2005",1,46,1,1013,92.91634292,188,278
"8/10/2004","5/15/2005",1,46,1,1014,92.91634292,188,278
"8/10/2004","11/14/2004",1,47,1,1999,95.94664595,NA,96
"8/10/2004","11/14/2004",1,48,3,2000,98.10100595,NA,96
"8/10/2004","11/14/2004",1,48,3,2001,98.10100595,NA,96
"8/10/2004","11/14/2004",1,48,3,2002,98.10100595,NA,96
"8/10/2004","11/14/2004",1,48,3,2003,98.10100595,NA,96
"8/10/2004","11/14/2004",1,48,3,2004,98.10100595,NA,96
"8/10/2004","11/14/2004",1,48,3,2005,98.10100595,NA,96
"8/10/2004","2/13/2005",1,48,3,1297,98.10100595,97,187
"8/10/2004","2/13/2005",1,48,3,1298,98.10100595,97,187
"8/10/2004","2/13/2005",1,48,3,1299,98.10100595,97,187
"8/10/2004","2/13/2005",1,48,3,1300,98.10100595,97,187
"8/10/2004","2/13/2005",1,48,3,1301,98.10100595,97,187
"8/10/2004","2/13/2005",1,48,3,1302,98.10100595,97,187
"11/15/2004","2/13/2005",1,48,3,1317,98.10100595,NA,90
"8/10/2004","2/13/2005",1,48,3,1397,98.10100595,97,187
"8/10/2004","2/13/2005",1,48,3,1398,98.10100595,97,187
"8/10/2004","2/13/2005",1,48,3,1399,98.10100595,97,187
"8/10/2004","2/13/2005",1,48,3,1400,98.10100595,97,187
"5/17/2004","2/13/2005",1,48,3,1591,98.10100595,182,272
"8/10/2004","5/15/2005",1,48,3,944,98.10100595,188,278
"8/10/2004","5/15/2005",1,48,3,945,98.10100595,188,278
"5/17/2004","5/15/2005",1,48,3,952,98.10100595,273,363
"11/15/2004","5/15/2005",1,48,3,958,98.10100595,91,181
"8/10/2004","5/15/2005",1,48,3,1015,98.10100595,188,278
"8/10/2004","5/15/2005",1,48,3,1016,98.10100595,188,278
"8/10/2004","5/15/2005",1,48,3,1017,98.10100595,188,278
"8/10/2004","5/15/2005",1,48,3,1018,98.10100595,188,278
"8/10/2004","7/31/2005",1,48,3,741,98.10100595,279,355
"11/15/2004","7/31/2005",1,48,3,747,98.10100595,182,258
"8/10/2004","7/31/2005",1,48,3,783,98.10100595,279,355
"8/10/2004","7/31/2005",1,48,3,784,98.10100595,279,355
"8/10/2004","11/14/2005",1,48,3,26,98.10100595,356,461
"8/10/2004","11/14/2005",1,48,3,54,98.10100595,356,461
"8/10/2004","11/14/2005",1,48,3,55,98.10100595,356,461
"8/10/2004","2/13/2005",1,49,2,1401,73.1288019,97,187
"8/10/2004","11/14/2005",1,49,2,56,73.1288019,356,461
"8/10/2004","11/14/2005",1,49,2,57,73.1288019,356,461
"8/10/2004","2/21/2006",1,49,2,309,73.1288019,462,560
"11/15/2004","2/13/2005",1,50,1,1318,19.36264276,NA,90
"8/10/2004","2/13/2005",1,52,2,1402,62.90663846,97,187
"8/10/2004","11/14/2005",1,52,2,58,62.90663846,356,461
"8/10/2004","11/14/2005",1,52,2,59,62.90663846,356,461
"5/17/2004","10/24/2006",1,52,2,431,62.90663846,547,890
"8/10/2004","11/14/2004",1,53,1,2006,92.81571181,NA,96
"8/10/2004","5/15/2005",1,53,1,1019,92.81571181,188,278
"8/10/2004","11/14/2004",1,54,3,2007,92.51267666,NA,96
"8/10/2004","11/14/2004",1,54,3,2008,92.51267666,NA,96
"8/10/2004","11/14/2004",1,54,3,2009,92.51267666,NA,96
"8/10/2004","2/13/2005",1,54,3,1403,92.51267666,97,187
"8/10/2004","5/15/2005",1,54,3,946,92.51267666,188,278
"11/15/2004","5/15/2005",1,54,3,959,92.51267666,91,181
"8/10/2004","5/15/2005",1,54,3,1020,92.51267666,188,278
"8/10/2004","5/15/2005",1,54,3,1021,92.51267666,188,278
"8/10/2004","5/15/2005",1,54,3,1022,92.51267666,188,278
"11/15/2004","7/31/2005",1,54,3,748,92.51267666,182,258
"8/10/2004","7/31/2005",1,54,3,785,92.51267666,279,355
"8/10/2004","11/14/2005",1,54,3,60,92.51267666,356,461
"8/10/2004","2/21/2006",1,54,3,310,92.51267666,462,560
"8/10/2004","2/21/2006",1,54,3,311,92.51267666,462,560
"8/10/2004","10/24/2006",1,54,3,374,92.51267666,462,805
"8/10/2004","10/24/2006",1,54,3,703,92.51267666,462,805
"8/10/2004","6/27/2007",1,54,3,706,92.51267666,462,1051
"8/10/2004","11/14/2004",1,55,2,2010,93.82321619,NA,96
"8/10/2004","11/14/2004",1,55,2,2011,93.82321619,NA,96
"8/10/2004","11/14/2004",1,55,2,2012,93.82321619,NA,96
"8/10/2004","11/14/2004",1,55,2,2013,93.82321619,NA,96
"8/10/2004","11/14/2004",1,55,2,2014,93.82321619,NA,96
"8/10/2004","5/15/2005",1,55,2,1023,93.82321619,188,278
"5/17/2004","7/31/2005",1,58,2,752,33.33774134,364,440
"8/10/2004","7/31/2005",1,58,2,786,33.33774134,279,355
"8/10/2004","11/14/2005",1,58,2,61,33.33774134,356,461
"8/10/2004","11/14/2005",1,58,2,62,33.33774134,356,461
"8/10/2004","10/24/2006",1,58,2,375,33.33774134,462,805
"8/10/2004","11/14/2004",1,59,1,2015,100.1026483,NA,96
"8/10/2004","7/31/2005",1,59,1,787,100.1026483,279,355
"8/10/2004","7/31/2005",1,59,1,788,100.1026483,279,355
"8/10/2004","10/24/2006",1,59,1,376,100.1026483,462,805
"5/17/2004","8/9/2004",1,61,2,2498,73.67098651,NA,84
"5/17/2004","8/9/2004",1,61,2,2499,73.67098651,NA,84
"8/10/2004","11/14/2004",1,61,2,2016,73.67098651,NA,96
"8/10/2004","2/13/2005",1,61,2,1404,73.67098651,97,187
"5/17/2004","2/13/2005",1,61,2,1592,73.67098651,182,272
"5/17/2004","2/13/2005",1,61,2,1593,73.67098651,182,272
"5/17/2004","5/15/2005",1,61,2,1141,73.67098651,273,363
"8/10/2004","7/31/2005",1,61,2,789,73.67098651,279,355
"8/10/2004","11/14/2005",1,61,2,63,73.67098651,356,461
"5/17/2004","2/21/2006",1,61,2,419,73.67098651,547,645
"8/10/2004","10/24/2006",1,61,2,379,73.67098651,462,805
"8/10/2004","10/24/2006",1,61,2,380,73.67098651,462,805
"8/10/2004","6/27/2007",1,61,2,377,73.67098651,462,1051
"8/10/2004","6/27/2007",1,61,2,378,73.67098651,462,1051
"5/17/2004","8/9/2004",1,62,3,2500,76.99859748,NA,84
"5/17/2004","10/24/2006",1,62,3,432,76.99859748,547,890
"5/17/2004","10/24/2006",1,62,3,718,76.99859748,547,890
"8/10/2004","6/28/2007",0,62,3,692,76.99859748,462,NA
"8/10/2004","6/28/2007",0,62,3,691,76.99859748,462,NA
"5/17/2004","8/9/2004",1,64,2,2501,20.07669929,NA,84
"8/10/2004","11/14/2004",1,64,2,2017,20.07669929,NA,96
"8/10/2004","11/14/2004",1,64,2,2018,20.07669929,NA,96
"8/10/2004","11/14/2004",1,64,2,2019,20.07669929,NA,96
"8/10/2004","11/14/2004",1,64,2,2020,20.07669929,NA,96
"8/10/2004","11/14/2004",1,64,2,2021,20.07669929,NA,96
"8/10/2004","11/14/2004",1,64,2,2022,20.07669929,NA,96
"8/10/2004","11/14/2004",1,64,2,2023,20.07669929,NA,96
"8/10/2004","11/14/2004",1,64,2,2024,20.07669929,NA,96
"5/17/2004","11/14/2004",1,64,2,2213,20.07669929,85,181
"8/10/2004","2/13/2005",1,64,2,1405,20.07669929,97,187
"8/10/2004","2/13/2005",1,64,2,1406,20.07669929,97,187
"8/10/2004","2/13/2005",1,64,2,1407,20.07669929,97,187
"8/10/2004","5/15/2005",1,64,2,1024,20.07669929,188,278
"8/10/2004","5/15/2005",1,64,2,1025,20.07669929,188,278
"8/10/2004","5/15/2005",1,64,2,1026,20.07669929,188,278
"8/10/2004","5/15/2005",1,64,2,1027,20.07669929,188,278
"8/10/2004","5/15/2005",1,64,2,1028,20.07669929,188,278
"8/10/2004","5/15/2005",1,64,2,1029,20.07669929,188,278
"8/10/2004","5/15/2005",1,64,2,1030,20.07669929,188,278
"8/10/2004","5/15/2005",1,64,2,1031,20.07669929,188,278
"8/10/2004","7/31/2005",1,64,2,790,20.07669929,279,355
"8/10/2004","7/31/2005",1,64,2,791,20.07669929,279,355
"8/1/2005","11/14/2005",1,64,2,10,20.07669929,NA,105
"8/10/2004","11/14/2005",1,64,2,64,20.07669929,356,461
"8/10/2004","11/14/2005",1,64,2,65,20.07669929,356,461
"8/10/2004","11/14/2005",1,64,2,66,20.07669929,356,461
"8/10/2004","11/14/2005",1,64,2,67,20.07669929,356,461
"8/10/2004","2/21/2006",1,64,2,312,20.07669929,462,560
"8/10/2004","2/21/2006",1,64,2,313,20.07669929,462,560
"8/10/2004","10/24/2006",1,64,2,382,20.07669929,462,805
"8/10/2004","10/24/2006",1,64,2,384,20.07669929,462,805
"8/10/2004","10/24/2006",1,64,2,385,20.07669929,462,805
"8/10/2004","6/27/2007",1,64,2,381,20.07669929,462,1051
"8/10/2004","6/27/2007",1,64,2,383,20.07669929,462,1051
"5/17/2004","11/14/2004",1,65,3,1913,89.61052972,85,181
"8/10/2004","2/13/2005",1,65,3,1303,89.61052972,97,187
"8/10/2004","2/13/2005",1,65,3,1408,89.61052972,97,187
"5/16/2005","7/31/2005",1,65,3,730,89.61052972,NA,76
"5/16/2005","7/31/2005",1,65,3,731,89.61052972,NA,76
"5/16/2005","11/14/2005",1,65,3,17,89.61052972,77,182
"8/10/2004","2/21/2006",1,65,3,314,89.61052972,462,560
"8/10/2004","10/24/2006",1,65,3,386,89.61052972,462,805
"8/10/2004","6/28/2007",0,65,3,387,89.61052972,462,NA
"8/10/2004","6/28/2007",0,65,3,388,89.61052972,462,NA
"8/10/2004","6/28/2007",0,65,3,693,89.61052972,462,NA
"8/10/2004","6/28/2007",0,65,3,707,89.61052972,462,NA
"8/10/2004","11/14/2004",1,66,1,2026,92.78518368,NA,96
"8/10/2004","11/14/2004",1,66,1,2027,92.78518368,NA,96
"8/10/2004","11/14/2004",1,66,1,2028,92.78518368,NA,96
"8/10/2004","2/13/2005",1,66,1,1409,92.78518368,97,187
"8/10/2004","2/13/2005",1,66,1,1410,92.78518368,97,187
"8/10/2004","2/13/2005",1,66,1,1411,92.78518368,97,187
"8/10/2004","2/13/2005",1,66,1,1412,92.78518368,97,187
"8/10/2004","2/13/2005",1,66,1,1413,92.78518368,97,187
"8/10/2004","5/15/2005",1,66,1,1032,92.78518368,188,278
"8/10/2004","5/15/2005",1,66,1,1033,92.78518368,188,278
"5/17/2004","5/15/2005",1,66,1,1142,92.78518368,273,363
"5/17/2004","7/31/2005",1,66,1,753,92.78518368,364,440
"8/10/2004","7/31/2005",1,66,1,792,92.78518368,279,355
"8/10/2004","7/31/2005",1,66,1,793,92.78518368,279,355
"8/10/2004","7/31/2005",1,66,1,794,92.78518368,279,355
"8/10/2004","7/31/2005",1,66,1,795,92.78518368,279,355
"8/10/2004","7/31/2005",1,66,1,796,92.78518368,279,355
"8/10/2004","7/31/2005",1,66,1,797,92.78518368,279,355
"8/10/2004","7/31/2005",1,66,1,798,92.78518368,279,355
"8/10/2004","7/31/2005",1,66,1,799,92.78518368,279,355
"8/10/2004","7/31/2005",1,66,1,800,92.78518368,279,355
"8/10/2004","7/31/2005",1,66,1,801,92.78518368,279,355
"8/10/2004","7/31/2005",1,66,1,802,92.78518368,279,355
"8/10/2004","7/31/2005",1,66,1,803,92.78518368,279,355
"8/10/2004","7/31/2005",1,66,1,804,92.78518368,279,355
"8/10/2004","7/31/2005",1,66,1,805,92.78518368,279,355
"8/10/2004","7/31/2005",1,66,1,806,92.78518368,279,355
"8/10/2004","11/14/2005",1,66,1,68,92.78518368,356,461
"8/10/2004","11/14/2005",1,66,1,69,92.78518368,356,461
"8/10/2004","11/14/2005",1,66,1,70,92.78518368,356,461
"8/10/2004","11/14/2005",1,66,1,71,92.78518368,356,461
"8/10/2004","2/21/2006",1,66,1,315,92.78518368,462,560
"8/10/2004","2/21/2006",1,66,1,316,92.78518368,462,560
"8/10/2004","2/21/2006",1,66,1,317,92.78518368,462,560
"11/15/2004","7/31/2005",1,67,3,737,92.80397022,182,258
"8/10/2004","7/31/2005",1,67,3,807,92.80397022,279,355
"8/10/2004","7/31/2005",1,69,1,808,22.18377938,279,355
"5/17/2004","11/14/2005",1,69,1,32,22.18377938,441,546
"8/10/2004","7/31/2005",1,70,2,809,89.42137025,279,355
"8/10/2004","7/31/2005",1,70,2,810,89.42137025,279,355
"8/10/2004","7/31/2005",1,70,2,811,89.42137025,279,355
"5/16/2005","11/14/2005",1,71,3,18,68.68388934,77,182
"8/10/2004","11/14/2004",1,80,2,2029,46.52590228,NA,96
"8/10/2004","2/13/2005",1,80,2,1414,46.52590228,97,187
"8/10/2004","10/24/2006",1,80,2,389,46.52590228,462,805
"8/10/2004","11/14/2004",1,81,3,2030,63.6314597,NA,96
"8/10/2004","2/13/2005",1,81,3,1415,63.6314597,97,187
"8/10/2004","10/24/2006",1,81,3,390,63.6314597,462,805
"8/10/2004","10/24/2006",1,81,3,391,63.6314597,462,805
"8/10/2004","10/24/2006",1,81,3,392,63.6314597,462,805
"5/17/2004","8/9/2004",1,82,1,2502,87.41751482,NA,84
"5/17/2004","8/9/2004",1,82,1,2503,87.41751482,NA,84
"8/10/2004","11/14/2004",1,82,1,2032,87.41751482,NA,96
"5/17/2004","11/14/2004",1,82,1,2214,87.41751482,85,181
"8/10/2004","2/13/2005",1,82,1,1416,87.41751482,97,187
"8/10/2004","2/13/2005",1,82,1,1417,87.41751482,97,187
"8/10/2004","2/13/2005",1,82,1,1418,87.41751482,97,187
"8/10/2004","2/13/2005",1,82,1,1419,87.41751482,97,187
"8/10/2004","2/13/2005",1,82,1,1420,87.41751482,97,187
"8/10/2004","2/13/2005",1,82,1,1421,87.41751482,97,187
"8/10/2004","2/13/2005",1,82,1,1422,87.41751482,97,187
"8/10/2004","2/13/2005",1,82,1,1425,87.41751482,97,187
"5/17/2004","2/13/2005",1,82,1,1594,87.41751482,182,272
"5/17/2004","2/13/2005",1,82,1,1595,87.41751482,182,272
"5/17/2004","2/13/2005",1,82,1,1596,87.41751482,182,272
"5/17/2004","2/13/2005",1,82,1,1597,87.41751482,182,272
"5/17/2004","2/13/2005",1,82,1,1598,87.41751482,182,272
"8/10/2004","5/15/2005",1,82,1,1034,87.41751482,188,278
"8/10/2004","5/15/2005",1,82,1,1035,87.41751482,188,278
"8/10/2004","5/15/2005",1,82,1,1036,87.41751482,188,278
"8/10/2004","5/15/2005",1,82,1,1037,87.41751482,188,278
"8/10/2004","5/15/2005",1,82,1,1038,87.41751482,188,278
"8/10/2004","5/15/2005",1,82,1,1039,87.41751482,188,278
"5/17/2004","5/15/2005",1,82,1,1143,87.41751482,273,363
"8/10/2004","7/31/2005",1,82,1,812,87.41751482,279,355
"8/10/2004","7/31/2005",1,82,1,813,87.41751482,279,355
"8/10/2004","7/31/2005",1,82,1,814,87.41751482,279,355
"8/1/2005","11/14/2005",1,82,1,11,87.41751482,NA,105
"8/10/2004","11/14/2005",1,82,1,72,87.41751482,356,461
"8/10/2004","11/14/2005",1,82,1,73,87.41751482,356,461
"8/10/2004","2/21/2006",1,82,1,318,87.41751482,462,560
"5/17/2004","8/9/2004",1,83,2,2504,74.47765141,NA,84
"5/17/2004","8/9/2004",1,83,2,2505,74.47765141,NA,84
"5/17/2004","7/31/2005",1,83,2,859,74.47765141,364,440
"8/10/2004","11/14/2005",1,83,2,74,74.47765141,356,461
"5/17/2004","11/14/2005",1,83,2,130,74.47765141,441,546
"8/10/2004","11/14/2004",1,84,2,2033,66.05395398,NA,96
"5/17/2004","2/13/2005",1,84,2,1327,66.05395398,182,272
"8/10/2004","2/13/2005",1,84,2,1427,66.05395398,97,187
"8/10/2004","2/13/2005",1,84,2,1428,66.05395398,97,187
"5/17/2004","2/13/2005",1,84,2,1600,66.05395398,182,272
"5/17/2004","2/13/2005",1,84,2,1601,66.05395398,182,272
"5/17/2004","2/13/2005",1,84,2,1656,66.05395398,182,272
"8/10/2004","5/15/2005",1,84,2,1040,66.05395398,188,278
"5/17/2004","7/31/2005",1,84,2,754,66.05395398,364,440
"2/24/2004","5/16/2004",1,85,1,2865,NA,NA,82
"5/17/2004","8/9/2004",1,85,1,2506,NA,NA,84
"5/17/2004","8/9/2004",1,85,1,2507,NA,NA,84
"5/17/2004","8/9/2004",1,85,1,2508,NA,NA,84
"5/17/2004","8/9/2004",1,85,1,2509,NA,NA,84
"5/17/2004","8/9/2004",1,85,1,2510,NA,NA,84
"5/17/2004","8/9/2004",1,85,1,2583,NA,NA,84
"5/17/2004","8/9/2004",1,85,1,2584,NA,NA,84
"8/10/2004","11/14/2004",1,85,1,2034,NA,NA,96
"8/10/2004","11/14/2004",1,85,1,2035,NA,NA,96
"8/10/2004","11/14/2004",1,85,1,2036,NA,NA,96
"8/10/2004","11/14/2004",1,85,1,2037,NA,NA,96
"8/10/2004","11/14/2004",1,85,1,2038,NA,NA,96
"8/10/2004","11/14/2004",1,85,1,2039,NA,NA,96
"5/17/2004","11/14/2004",1,85,1,2269,NA,85,181
"8/10/2004","2/13/2005",1,85,1,1429,NA,97,187
"8/10/2004","2/13/2005",1,85,1,1430,NA,97,187
"8/10/2004","2/13/2005",1,85,1,1431,NA,97,187
"8/10/2004","2/13/2005",1,85,1,1432,NA,97,187
"8/10/2004","2/13/2005",1,85,1,1433,NA,97,187
"8/10/2004","2/13/2005",1,85,1,1434,NA,97,187
"8/10/2004","2/13/2005",1,85,1,1435,NA,97,187
"5/17/2004","2/13/2005",1,85,1,1602,NA,182,272
"5/17/2004","2/13/2005",1,85,1,1603,NA,182,272
"5/17/2004","2/13/2005",1,85,1,1604,NA,182,272
"5/17/2004","2/13/2005",1,85,1,1605,NA,182,272
"5/17/2004","2/13/2005",1,85,1,1606,NA,182,272
"5/17/2004","2/13/2005",1,85,1,1607,NA,182,272
"5/17/2004","2/13/2005",1,85,1,1657,NA,182,272
"5/17/2004","2/13/2005",1,85,1,1658,NA,182,272
"8/10/2004","5/15/2005",1,85,1,1041,NA,188,278
"8/10/2004","5/15/2005",1,85,1,1042,NA,188,278
"8/10/2004","5/15/2005",1,85,1,1043,NA,188,278
"8/10/2004","5/15/2005",1,85,1,1044,NA,188,278
"8/10/2004","11/14/2004",1,86,2,2040,62.40412589,NA,96
"8/10/2004","2/13/2005",1,86,2,1436,62.40412589,97,187
"8/10/2004","2/13/2005",1,86,2,1437,62.40412589,97,187
"5/17/2004","2/13/2005",1,86,2,1608,62.40412589,182,272
"8/10/2004","7/31/2005",1,86,2,815,62.40412589,279,355
"8/10/2004","2/21/2006",1,86,2,319,62.40412589,462,560
"8/10/2004","2/21/2006",1,86,2,320,62.40412589,462,560
"8/10/2004","2/21/2006",1,86,2,321,62.40412589,462,560
"8/10/2004","10/24/2006",1,86,2,393,62.40412589,462,805
"8/10/2004","10/24/2006",1,86,2,394,62.40412589,462,805
"8/10/2004","6/28/2007",0,87,3,395,45.9272845,462,NA
"8/10/2004","11/14/2004",1,88,1,2041,10.29965258,NA,96
"8/10/2004","11/14/2004",1,88,1,2042,10.29965258,NA,96
"8/10/2004","2/13/2005",1,88,1,1438,10.29965258,97,187
"8/10/2004","2/13/2005",1,88,1,1439,10.29965258,97,187
"8/10/2004","2/13/2005",1,88,1,1440,10.29965258,97,187
"8/10/2004","2/13/2005",1,88,1,1441,10.29965258,97,187
"8/10/2004","2/13/2005",1,88,1,1442,10.29965258,97,187
"8/10/2004","11/14/2004",1,89,3,2043,60.78325601,NA,96
"8/10/2004","11/14/2004",1,89,3,2044,60.78325601,NA,96
"8/10/2004","11/14/2004",1,89,3,2045,60.78325601,NA,96
"8/10/2004","11/14/2004",1,89,3,2046,60.78325601,NA,96
"8/10/2004","11/14/2004",1,89,3,2047,60.78325601,NA,96
"8/10/2004","11/14/2004",1,89,3,2048,60.78325601,NA,96
"8/10/2004","11/14/2004",1,89,3,2049,60.78325601,NA,96
"8/10/2004","2/13/2005",1,89,3,1443,60.78325601,97,187
"8/10/2004","5/15/2005",1,89,3,1045,60.78325601,188,278
"8/10/2004","5/15/2005",1,89,3,1046,60.78325601,188,278
"5/16/2005","7/31/2005",1,89,3,732,60.78325601,NA,76
"5/16/2005","7/31/2005",1,89,3,733,60.78325601,NA,76
"8/10/2004","11/14/2005",1,89,3,75,60.78325601,356,461
"8/10/2004","11/14/2005",1,89,3,76,60.78325601,356,461
"8/10/2004","11/14/2005",1,89,3,77,60.78325601,356,461
"8/10/2004","10/24/2006",1,89,3,396,60.78325601,462,805
"8/10/2004","6/28/2007",0,89,3,397,60.78325601,462,NA
"8/10/2004","6/28/2007",0,89,3,398,60.78325601,462,NA
"5/17/2004","5/15/2005",1,90,2,1146,80.55487356,273,363
"5/17/2004","11/14/2004",1,91,2,2215,11.82666339,85,181
"8/10/2004","2/13/2005",1,91,2,1444,11.82666339,97,187
"8/10/2004","2/13/2005",1,91,2,1445,11.82666339,97,187
"8/10/2004","5/15/2005",1,91,2,728,11.82666339,188,278
"8/10/2004","7/31/2005",1,91,2,816,11.82666339,279,355
"8/10/2004","7/31/2005",1,91,2,817,11.82666339,279,355
"8/10/2004","11/14/2005",1,91,2,78,11.82666339,356,461
"5/17/2004","8/9/2004",1,92,2,2511,34.38497422,NA,84
"5/17/2004","8/9/2004",1,92,2,2513,34.38497422,NA,84
"8/10/2004","11/14/2004",1,92,2,2050,34.38497422,NA,96
"8/10/2004","11/14/2004",1,92,2,2051,34.38497422,NA,96
"8/10/2004","11/14/2004",1,92,2,2052,34.38497422,NA,96
"8/10/2004","11/14/2004",1,92,2,2053,34.38497422,NA,96
"8/10/2004","11/14/2004",1,92,2,2054,34.38497422,NA,96
"8/10/2004","11/14/2004",1,92,2,2055,34.38497422,NA,96
"8/10/2004","11/14/2004",1,92,2,2056,34.38497422,NA,96
"8/10/2004","11/14/2004",1,92,2,2057,34.38497422,NA,96
"8/10/2004","11/14/2004",1,92,2,2058,34.38497422,NA,96
"8/10/2004","11/14/2004",1,92,2,2059,34.38497422,NA,96
"8/10/2004","11/14/2004",1,92,2,2060,34.38497422,NA,96
"8/10/2004","11/14/2004",1,92,2,2061,34.38497422,NA,96
"8/10/2004","11/14/2004",1,92,2,2062,34.38497422,NA,96
"8/10/2004","2/13/2005",1,92,2,1050,34.38497422,97,187
"8/10/2004","2/13/2005",1,92,2,1052,34.38497422,97,187
"5/17/2004","2/13/2005",1,92,2,1328,34.38497422,182,272
"8/10/2004","2/13/2005",1,92,2,1446,34.38497422,97,187
"8/10/2004","2/13/2005",1,92,2,1447,34.38497422,97,187
"8/10/2004","2/13/2005",1,92,2,1448,34.38497422,97,187
"8/10/2004","2/13/2005",1,92,2,1449,34.38497422,97,187
"8/10/2004","2/13/2005",1,92,2,1450,34.38497422,97,187
"8/10/2004","2/13/2005",1,92,2,1451,34.38497422,97,187
"8/10/2004","2/13/2005",1,92,2,1452,34.38497422,97,187
"8/10/2004","2/13/2005",1,92,2,1453,34.38497422,97,187
"8/10/2004","2/13/2005",1,92,2,1454,34.38497422,97,187
"8/10/2004","2/13/2005",1,92,2,1455,34.38497422,97,187
"8/10/2004","2/13/2005",1,92,2,1456,34.38497422,97,187
"8/10/2004","2/13/2005",1,92,2,1457,34.38497422,97,187
"8/10/2004","2/13/2005",1,92,2,1458,34.38497422,97,187
"8/10/2004","2/13/2005",1,92,2,1459,34.38497422,97,187
"8/10/2004","2/13/2005",1,92,2,1460,34.38497422,97,187
"5/17/2004","2/13/2005",1,92,2,1609,34.38497422,182,272
"5/17/2004","2/13/2005",1,92,2,1610,34.38497422,182,272
"5/17/2004","2/13/2005",1,92,2,1611,34.38497422,182,272
"5/17/2004","2/13/2005",1,92,2,1612,34.38497422,182,272
"8/10/2004","5/15/2005",1,92,2,1047,34.38497422,188,278
"8/10/2004","5/15/2005",1,92,2,1048,34.38497422,188,278
"8/10/2004","5/15/2005",1,92,2,1049,34.38497422,188,278
"8/10/2004","5/15/2005",1,92,2,1051,34.38497422,188,278
"8/10/2004","5/15/2005",1,92,2,1053,34.38497422,188,278
"8/10/2004","5/15/2005",1,92,2,1054,34.38497422,188,278
"5/17/2004","5/15/2005",1,92,2,1147,34.38497422,273,363
"8/10/2004","7/31/2005",1,92,2,818,34.38497422,279,355
"8/10/2004","7/31/2005",1,92,2,819,34.38497422,279,355
"8/10/2004","7/31/2005",1,92,2,820,34.38497422,279,355
"8/10/2004","7/31/2005",1,92,2,821,34.38497422,279,355
"8/10/2004","7/31/2005",1,92,2,822,34.38497422,279,355
"8/10/2004","7/31/2005",1,92,2,823,34.38497422,279,355
"8/10/2004","7/31/2005",1,92,2,824,34.38497422,279,355
"8/10/2004","7/31/2005",1,92,2,825,34.38497422,279,355
"8/10/2004","7/31/2005",1,92,2,826,34.38497422,279,355
"8/10/2004","7/31/2005",1,92,2,827,34.38497422,279,355
"8/10/2004","7/31/2005",1,92,2,828,34.38497422,279,355
"8/10/2004","7/31/2005",1,92,2,829,34.38497422,279,355
"8/10/2004","7/31/2005",1,92,2,830,34.38497422,279,355
"8/10/2004","7/31/2005",1,92,2,831,34.38497422,279,355
"8/10/2004","7/31/2005",1,92,2,832,34.38497422,279,355
"8/10/2004","7/31/2005",1,92,2,833,34.38497422,279,355
"5/17/2004","7/31/2005",1,92,2,860,34.38497422,364,440
"8/10/2004","2/21/2006",1,92,2,322,34.38497422,462,560
"8/10/2004","2/21/2006",1,92,2,323,34.38497422,462,560
"5/17/2004","8/9/2004",1,93,1,2515,100.8261578,NA,84
"5/17/2004","8/9/2004",1,93,1,2516,100.8261578,NA,84
"5/17/2004","8/9/2004",1,93,1,2517,100.8261578,NA,84
"5/17/2004","8/9/2004",1,93,1,2518,100.8261578,NA,84
"5/17/2004","8/9/2004",1,93,1,2519,100.8261578,NA,84
"5/17/2004","8/9/2004",1,93,1,2520,100.8261578,NA,84
"5/17/2004","8/9/2004",1,93,1,2521,100.8261578,NA,84
"5/17/2004","8/9/2004",1,93,1,2522,100.8261578,NA,84
"5/17/2004","8/9/2004",1,93,1,2585,100.8261578,NA,84
"5/17/2004","8/9/2004",1,93,1,2586,100.8261578,NA,84
"5/17/2004","8/9/2004",1,93,1,2587,100.8261578,NA,84
"5/17/2004","8/9/2004",1,93,1,2588,100.8261578,NA,84
"5/17/2004","8/9/2004",1,93,1,2589,100.8261578,NA,84
"5/17/2004","8/9/2004",1,93,1,2590,100.8261578,NA,84
"5/17/2004","8/9/2004",1,93,1,2591,100.8261578,NA,84
"5/17/2004","8/9/2004",1,93,1,2592,100.8261578,NA,84
"5/17/2004","8/9/2004",1,93,1,2593,100.8261578,NA,84
"5/17/2004","8/9/2004",1,93,1,2594,100.8261578,NA,84
"5/17/2004","8/9/2004",1,93,1,2595,100.8261578,NA,84
"5/17/2004","8/9/2004",1,93,1,2596,100.8261578,NA,84
"5/17/2004","8/9/2004",1,93,1,2597,100.8261578,NA,84
"5/17/2004","8/9/2004",1,93,1,2598,100.8261578,NA,84
"5/17/2004","8/9/2004",1,93,1,2599,100.8261578,NA,84
"5/17/2004","8/9/2004",1,93,1,2600,100.8261578,NA,84
"5/17/2004","8/9/2004",1,93,1,2601,100.8261578,NA,84
"5/17/2004","8/9/2004",1,93,1,2602,100.8261578,NA,84
"5/17/2004","8/9/2004",1,93,1,2603,100.8261578,NA,84
"2/24/2004","8/9/2004",1,93,1,2647,100.8261578,83,167
"8/10/2004","11/14/2004",1,93,1,2063,100.8261578,NA,96
"8/10/2004","11/14/2004",1,93,1,2064,100.8261578,NA,96
"5/17/2004","11/14/2004",1,93,1,2171,100.8261578,85,181
"5/17/2004","11/14/2004",1,93,1,2172,100.8261578,85,181
"5/17/2004","11/14/2004",1,93,1,2173,100.8261578,85,181
"5/17/2004","11/14/2004",1,93,1,2174,100.8261578,85,181
"5/17/2004","11/14/2004",1,93,1,2175,100.8261578,85,181
"5/17/2004","11/14/2004",1,93,1,2176,100.8261578,85,181
"5/17/2004","11/14/2004",1,93,1,2216,100.8261578,85,181
"5/17/2004","11/14/2004",1,93,1,2217,100.8261578,85,181
"5/17/2004","11/14/2004",1,93,1,2218,100.8261578,85,181
"5/17/2004","11/14/2004",1,93,1,2219,100.8261578,85,181
"5/17/2004","11/14/2004",1,93,1,2220,100.8261578,85,181
"5/17/2004","11/14/2004",1,93,1,2270,100.8261578,85,181
"5/17/2004","11/14/2004",1,93,1,2271,100.8261578,85,181
"5/17/2004","11/14/2004",1,93,1,2272,100.8261578,85,181
"5/17/2004","11/14/2004",1,93,1,2273,100.8261578,85,181
"5/17/2004","11/14/2004",1,93,1,2274,100.8261578,85,181
"5/17/2004","11/14/2004",1,93,1,2275,100.8261578,85,181
"5/17/2004","11/14/2004",1,93,1,2276,100.8261578,85,181
"5/17/2004","11/14/2004",1,93,1,2277,100.8261578,85,181
"5/17/2004","11/14/2004",1,93,1,2278,100.8261578,85,181
"5/17/2004","11/14/2004",1,93,1,2279,100.8261578,85,181
"5/17/2004","11/14/2004",1,93,1,2280,100.8261578,85,181
"5/17/2004","11/14/2004",1,93,1,2281,100.8261578,85,181
"5/17/2004","11/14/2004",1,93,1,2282,100.8261578,85,181
"5/17/2004","11/14/2004",1,93,1,2283,100.8261578,85,181
"5/17/2004","11/14/2004",1,93,1,2284,100.8261578,85,181
"5/17/2004","11/14/2004",1,93,1,2285,100.8261578,85,181
"5/17/2004","11/14/2004",1,93,1,2286,100.8261578,85,181
"5/17/2004","11/14/2004",1,93,1,2287,100.8261578,85,181
"5/17/2004","11/14/2004",1,93,1,2288,100.8261578,85,181
"8/10/2004","2/13/2005",1,93,1,1461,100.8261578,97,187
"8/10/2004","2/13/2005",1,93,1,1462,100.8261578,97,187
"8/10/2004","2/13/2005",1,93,1,1463,100.8261578,97,187
"8/10/2004","2/13/2005",1,93,1,1464,100.8261578,97,187
"8/10/2004","2/13/2005",1,93,1,1465,100.8261578,97,187
"5/17/2004","2/13/2005",1,93,1,1613,100.8261578,182,272
"5/17/2004","2/13/2005",1,93,1,1614,100.8261578,182,272
"5/17/2004","2/13/2005",1,93,1,1615,100.8261578,182,272
"5/17/2004","2/13/2005",1,93,1,1616,100.8261578,182,272
"5/17/2004","2/13/2005",1,93,1,1617,100.8261578,182,272
"5/17/2004","2/13/2005",1,93,1,1659,100.8261578,182,272
"5/17/2004","2/13/2005",1,93,1,1660,100.8261578,182,272
"5/17/2004","2/13/2005",1,93,1,1661,100.8261578,182,272
"5/17/2004","2/13/2005",1,93,1,1662,100.8261578,182,272
"5/17/2004","2/13/2005",1,93,1,1663,100.8261578,182,272
"5/17/2004","2/13/2005",1,93,1,1664,100.8261578,182,272
"5/17/2004","2/13/2005",1,93,1,1665,100.8261578,182,272
"5/17/2004","2/13/2005",1,93,1,1666,100.8261578,182,272
"5/17/2004","2/13/2005",1,93,1,1667,100.8261578,182,272
"5/17/2004","2/13/2005",1,93,1,1668,100.8261578,182,272
"5/17/2004","2/13/2005",1,93,1,1669,100.8261578,182,272
"5/17/2004","2/13/2005",1,93,1,1670,100.8261578,182,272
"5/17/2004","2/13/2005",1,93,1,1671,100.8261578,182,272
"2/24/2004","2/13/2005",1,93,1,1672,100.8261578,265,355
"2/24/2004","2/13/2005",1,93,1,1673,100.8261578,265,355
"8/10/2004","11/14/2004",1,96,2,2065,60.50171577,NA,96
"8/10/2004","11/14/2004",1,96,2,2066,60.50171577,NA,96
"8/10/2004","7/31/2005",1,96,2,834,60.50171577,279,355
"8/10/2004","7/31/2005",1,96,2,835,60.50171577,279,355
"8/10/2004","7/31/2005",1,96,2,836,60.50171577,279,355
"2/24/2004","5/16/2004",1,97,1,2866,102.8624622,NA,82
"5/17/2004","8/9/2004",1,97,1,2523,102.8624622,NA,84
"5/17/2004","8/9/2004",1,97,1,2527,102.8624622,NA,84
"5/17/2004","11/14/2004",1,97,1,2177,102.8624622,85,181
"5/17/2004","11/14/2004",1,97,1,2178,102.8624622,85,181
"5/17/2004","11/14/2004",1,97,1,2221,102.8624622,85,181
"5/17/2004","11/14/2004",1,97,1,2222,102.8624622,85,181
"5/17/2004","11/14/2004",1,97,1,2223,102.8624622,85,181
"8/10/2004","2/13/2005",1,97,1,1466,102.8624622,97,187
"5/17/2004","2/13/2005",1,97,1,1553,102.8624622,182,272
"5/17/2004","2/13/2005",1,97,1,1554,102.8624622,182,272
"5/17/2004","2/13/2005",1,97,1,1555,102.8624622,182,272
"5/17/2004","2/13/2005",1,97,1,1556,102.8624622,182,272
"5/17/2004","2/13/2005",1,97,1,1557,102.8624622,182,272
"5/17/2004","2/13/2005",1,97,1,1558,102.8624622,182,272
"5/17/2004","2/13/2005",1,97,1,1618,102.8624622,182,272
"5/17/2004","2/13/2005",1,97,1,1619,102.8624622,182,272
"5/17/2004","2/13/2005",1,97,1,1620,102.8624622,182,272
"5/17/2004","2/13/2005",1,97,1,1621,102.8624622,182,272
"5/17/2004","5/15/2005",1,97,1,1123,102.8624622,273,363
"5/17/2004","5/15/2005",1,97,1,1124,102.8624622,273,363
"5/17/2004","5/15/2005",1,97,1,1149,102.8624622,273,363
"8/10/2004","7/31/2005",1,97,1,837,102.8624622,279,355
"5/17/2004","2/21/2006",1,97,1,421,102.8624622,547,645
"5/17/2004","8/9/2004",1,98,2,2528,23.77861291,NA,84
"5/17/2004","8/9/2004",1,98,2,2529,23.77861291,NA,84
"5/17/2004","8/9/2004",1,98,2,2530,23.77861291,NA,84
"5/17/2004","8/9/2004",1,98,2,2845,23.77861291,NA,84
"5/17/2004","2/13/2005",1,98,2,1622,23.77861291,182,272
"5/17/2004","2/13/2005",1,98,2,1623,23.77861291,182,272
"5/17/2004","5/15/2005",1,98,2,1125,23.77861291,273,363
"5/17/2004","5/15/2005",1,98,2,1150,23.77861291,273,363
"5/17/2004","5/15/2005",1,98,2,1151,23.77861291,273,363
"8/10/2004","7/31/2005",1,98,2,838,23.77861291,279,355
"8/10/2004","7/31/2005",1,98,2,839,23.77861291,279,355
"5/17/2004","7/31/2005",1,98,2,861,23.77861291,364,440
"8/10/2004","11/14/2005",1,98,2,79,23.77861291,356,461
"5/17/2004","11/14/2005",1,98,2,116,23.77861291,441,546
"5/17/2004","11/14/2005",1,98,2,117,23.77861291,441,546
"5/17/2004","11/14/2005",1,98,2,118,23.77861291,441,546
"5/17/2004","11/14/2005",1,98,2,119,23.77861291,441,546
"8/10/2004","6/28/2007",0,98,2,399,23.77861291,462,NA
"5/17/2004","8/9/2004",1,101,1,2605,97.79925477,NA,84
"8/10/2004","11/14/2004",1,101,1,2067,97.79925477,NA,96
"8/10/2004","11/14/2004",1,101,1,2068,97.79925477,NA,96
"8/10/2004","11/14/2004",1,101,1,2069,97.79925477,NA,96
"5/17/2004","11/14/2004",1,101,1,2179,97.79925477,85,181
"5/17/2004","11/14/2004",1,101,1,2227,97.79925477,85,181
"5/17/2004","11/14/2004",1,101,1,2228,97.79925477,85,181
"11/15/2004","2/13/2005",1,101,1,1307,97.79925477,NA,90
"11/15/2004","2/13/2005",1,101,1,1319,97.79925477,NA,90
"8/10/2004","2/13/2005",1,101,1,1467,97.79925477,97,187
"8/10/2004","2/13/2005",1,101,1,1468,97.79925477,97,187
"8/10/2004","5/15/2005",1,101,1,947,97.79925477,188,278
"8/10/2004","5/15/2005",1,101,1,1058,97.79925477,188,278
"11/15/2004","7/31/2005",1,101,1,749,97.79925477,182,258
"8/10/2004","7/31/2005",1,101,1,840,97.79925477,279,355
"5/17/2004","7/31/2005",1,101,1,867,97.79925477,364,440
"8/10/2004","11/14/2005",1,101,1,80,97.79925477,356,461
"5/17/2004","11/14/2005",1,101,1,120,97.79925477,441,546
"5/17/2004","11/14/2005",1,101,1,121,97.79925477,441,546
"5/17/2004","11/14/2005",1,101,1,122,97.79925477,441,546
"5/17/2004","11/14/2005",1,101,1,131,97.79925477,441,546
"5/17/2004","2/21/2006",1,101,1,422,97.79925477,547,645
"8/10/2004","11/14/2004",1,102,2,2070,54.53792451,NA,96
"5/17/2004","2/13/2005",1,102,2,1624,54.53792451,182,272
"5/17/2004","5/15/2005",1,102,2,968,54.53792451,273,363
"8/10/2004","5/15/2005",1,102,2,1059,54.53792451,188,278
"8/10/2004","5/15/2005",1,102,2,1060,54.53792451,188,278
"8/10/2004","11/14/2005",1,102,2,81,54.53792451,356,461
"8/10/2004","11/14/2005",1,102,2,82,54.53792451,356,461
"5/17/2004","11/14/2005",1,102,2,123,54.53792451,441,546
"2/24/2004","2/21/2006",1,102,2,438,54.53792451,630,728
"5/17/2004","11/14/2004",1,103,1,2229,99.47637887,85,181
"5/17/2004","2/13/2005",1,103,1,1559,99.47637887,182,272
"8/10/2004","5/15/2005",1,103,1,1061,99.47637887,188,278
"8/10/2004","5/15/2005",1,103,1,1062,99.47637887,188,278
"8/10/2004","5/15/2005",1,103,1,1063,99.47637887,188,278
"8/10/2004","11/14/2005",1,103,1,83,99.47637887,356,461
"8/10/2004","11/14/2005",1,103,1,84,99.47637887,356,461
"8/10/2004","11/14/2004",1,104,2,2071,77.28049197,NA,96
"8/10/2004","11/14/2004",1,104,2,2072,77.28049197,NA,96
"8/10/2004","11/14/2004",1,104,2,2073,77.28049197,NA,96
"8/10/2004","11/14/2004",1,105,3,2074,91.99482145,NA,96
"8/10/2004","11/14/2004",1,105,3,2075,91.99482145,NA,96
"2/14/2005","5/15/2005",1,105,3,938,91.99482145,NA,90
"11/15/2004","5/15/2005",1,105,3,960,91.99482145,91,181
"11/15/2004","5/15/2005",1,105,3,961,91.99482145,91,181
"8/10/2004","5/15/2005",1,105,3,1064,91.99482145,188,278
"11/15/2004","7/31/2005",1,105,3,750,91.99482145,182,258
"8/10/2004","6/28/2007",1,105,3,400,91.99482145,462,1052
"8/10/2004","6/28/2007",0,105,3,290,91.99482145,462,NA
"11/15/2004","6/28/2007",0,105,3,689,91.99482145,365,NA
"8/10/2004","6/28/2007",0,105,3,688,91.99482145,462,NA
"5/17/2004","8/9/2004",1,106,1,2531,NA,NA,84
"5/17/2004","8/9/2004",1,106,1,2606,NA,NA,84
"2/24/2004","5/16/2004",1,108,2,2867,29.58229795,NA,82
"2/24/2004","5/16/2004",1,108,2,2868,29.58229795,NA,82
"8/10/2004","11/14/2004",1,108,2,2076,29.58229795,NA,96
"8/10/2004","11/14/2004",1,108,2,2077,29.58229795,NA,96
"8/10/2004","11/14/2004",1,108,2,2078,29.58229795,NA,96
"8/10/2004","5/15/2005",1,108,2,1066,29.58229795,188,278
"8/10/2004","5/15/2005",1,108,2,1067,29.58229795,188,278
"8/10/2004","5/15/2005",1,108,2,1068,29.58229795,188,278
"8/10/2004","7/31/2005",1,108,2,841,29.58229795,279,355
"8/10/2004","7/31/2005",1,108,2,842,29.58229795,279,355
"8/10/2004","7/31/2005",1,108,2,843,29.58229795,279,355
"8/10/2004","7/31/2005",1,108,2,844,29.58229795,279,355
"8/10/2004","11/14/2005",1,108,2,85,29.58229795,356,461
"8/10/2004","2/21/2006",1,108,2,324,29.58229795,462,560
"8/10/2004","6/28/2007",0,108,2,401,29.58229795,462,NA
"8/10/2004","11/14/2004",1,109,2,2079,95.32285784,NA,96
"8/10/2004","11/14/2004",1,109,2,2080,95.32285784,NA,96
"8/10/2004","11/14/2004",1,109,2,2081,95.32285784,NA,96
"8/10/2004","2/13/2005",1,109,2,1469,95.32285784,97,187
"8/10/2004","5/15/2005",1,109,2,1069,95.32285784,188,278
"8/10/2004","2/21/2006",1,109,2,325,95.32285784,462,560
"2/24/2004","8/9/2004",1,111,2,2648,82.09771097,83,167
"8/10/2004","2/13/2005",1,111,2,1470,82.09771097,97,187
"8/10/2004","5/15/2005",1,111,2,1070,82.09771097,188,278
"8/10/2004","5/15/2005",1,111,2,1071,82.09771097,188,278
"8/10/2004","11/14/2005",1,111,2,86,82.09771097,356,461
"8/10/2004","11/14/2005",1,111,2,87,82.09771097,356,461
"8/10/2004","11/14/2005",1,111,2,88,82.09771097,356,461
"8/10/2004","2/21/2006",1,111,2,326,82.09771097,462,560
"8/10/2004","11/14/2004",1,112,2,2082,63.32991687,NA,96
"8/10/2004","2/13/2005",1,112,2,1471,63.32991687,97,187
"8/10/2004","2/13/2005",1,112,2,1472,63.32991687,97,187
"8/10/2004","2/13/2005",1,112,2,1473,63.32991687,97,187
"8/10/2004","2/13/2005",1,112,2,1474,63.32991687,97,187
"8/10/2004","2/13/2005",1,112,2,1475,63.32991687,97,187
"8/10/2004","5/15/2005",1,112,2,1072,63.32991687,188,278
"8/10/2004","5/15/2005",1,112,2,1073,63.32991687,188,278
"8/10/2004","5/15/2005",1,112,2,1074,63.32991687,188,278
"8/10/2004","5/15/2005",1,112,2,1075,63.32991687,188,278
"8/10/2004","5/15/2005",1,112,2,1076,63.32991687,188,278
"8/10/2004","7/31/2005",1,112,2,845,63.32991687,279,355
"8/10/2004","7/31/2005",1,112,2,846,63.32991687,279,355
"8/10/2004","7/31/2005",1,112,2,847,63.32991687,279,355
"8/10/2004","7/31/2005",1,112,2,848,63.32991687,279,355
"8/10/2004","11/14/2005",1,112,2,89,63.32991687,356,461
"8/10/2004","11/14/2005",1,112,2,90,63.32991687,356,461
"8/10/2004","2/21/2006",1,112,2,327,63.32991687,462,560
"8/10/2004","2/21/2006",1,112,2,328,63.32991687,462,560
"8/10/2004","2/13/2005",1,113,1,1476,93.32789939,97,187
"5/17/2004","5/15/2005",1,113,1,1152,93.32789939,273,363
"8/10/2004","11/14/2004",1,114,3,2083,80.46175423,NA,96
"2/24/2004","5/16/2004",1,115,3,2869,49.96948739,NA,82
"5/17/2004","8/9/2004",1,116,1,2532,NA,NA,84
"5/17/2004","8/9/2004",1,116,1,2533,NA,NA,84
"5/17/2004","8/9/2004",1,116,1,2534,NA,NA,84
"2/24/2004","8/9/2004",1,116,1,2649,NA,83,167
"8/10/2004","11/14/2004",1,116,1,2084,NA,NA,96
"8/10/2004","11/14/2004",1,116,1,2085,NA,NA,96
"8/10/2004","11/14/2004",1,116,1,2086,NA,NA,96
"8/10/2004","11/14/2004",1,116,1,2087,NA,NA,96
"8/10/2004","11/14/2004",1,116,1,2088,NA,NA,96
"8/10/2004","11/14/2004",1,116,1,2089,NA,NA,96
"8/10/2004","11/14/2004",1,116,1,2090,NA,NA,96
"8/10/2004","11/14/2004",1,116,1,2091,NA,NA,96
"5/17/2004","11/14/2004",1,116,1,2180,NA,85,181
"5/17/2004","11/14/2004",1,116,1,2181,NA,85,181
"5/17/2004","11/14/2004",1,116,1,2230,NA,85,181
"5/17/2004","11/14/2004",1,116,1,2231,NA,85,181
"5/17/2004","11/14/2004",1,116,1,2232,NA,85,181
"5/17/2004","11/14/2004",1,116,1,2233,NA,85,181
"5/17/2004","11/14/2004",1,116,1,2234,NA,85,181
"8/10/2004","2/13/2005",1,116,1,1477,NA,97,187
"8/10/2004","2/13/2005",1,116,1,1478,NA,97,187
"8/10/2004","2/13/2005",1,116,1,1479,NA,97,187
"8/10/2004","2/13/2005",1,116,1,1480,NA,97,187
"8/10/2004","2/13/2005",1,116,1,1481,NA,97,187
"8/10/2004","2/13/2005",1,116,1,1482,NA,97,187
"8/10/2004","2/13/2005",1,116,1,1483,NA,97,187
"8/10/2004","2/13/2005",1,116,1,1484,NA,97,187
"8/10/2004","2/13/2005",1,116,1,1485,NA,97,187
"8/10/2004","2/13/2005",1,116,1,1486,NA,97,187
"8/10/2004","2/13/2005",1,116,1,1487,NA,97,187
"8/10/2004","2/13/2005",1,116,1,1488,NA,97,187
"8/10/2004","2/13/2005",1,116,1,1489,NA,97,187
"5/17/2004","2/13/2005",1,116,1,1625,NA,182,272
"5/17/2004","2/13/2005",1,116,1,1626,NA,182,272
"5/17/2004","2/13/2005",1,116,1,1627,NA,182,272
"5/17/2004","2/13/2005",1,116,1,1628,NA,182,272
"5/17/2004","2/13/2005",1,116,1,1629,NA,182,272
"5/17/2004","2/13/2005",1,116,1,1630,NA,182,272
"5/17/2004","2/13/2005",1,116,1,1631,NA,182,272
"2/24/2004","2/13/2005",1,116,1,1674,NA,265,355
"5/17/2004","8/9/2004",1,117,2,2451,68.29118586,NA,84
"5/17/2004","8/9/2004",1,117,2,2535,68.29118586,NA,84
"8/10/2004","11/14/2004",1,117,2,2092,68.29118586,NA,96
"8/10/2004","2/13/2005",1,117,2,1490,68.29118586,97,187
"8/10/2004","2/21/2006",1,117,2,329,68.29118586,462,560
"8/10/2004","2/21/2006",1,117,2,330,68.29118586,462,560
"8/10/2004","10/24/2006",1,117,2,402,68.29118586,462,805
"8/10/2004","7/31/2005",1,118,3,849,68.29118586,279,355
"8/10/2004","11/14/2005",1,118,3,91,68.29118586,356,461
"8/10/2004","11/14/2005",1,118,3,92,68.29118586,356,461
"8/10/2004","10/24/2006",1,118,3,403,68.29118586,462,805
"8/10/2004","10/24/2006",1,118,3,404,68.29118586,462,805
"8/10/2004","6/27/2007",1,118,3,405,68.29118586,462,1051
"8/10/2004","7/31/2005",1,119,2,850,49.55016513,279,355
"5/17/2004","8/9/2004",1,120,1,2536,97.79564,NA,84
"5/17/2004","8/9/2004",1,120,1,2607,97.79564,NA,84
"5/17/2004","2/13/2005",1,120,1,1560,97.79564,182,272
"11/15/2004","11/14/2005",1,120,1,23,97.79564,259,364
"5/17/2004","8/9/2004",1,140,1,2566,92.55294391,NA,84
"5/17/2004","8/9/2004",1,140,1,2567,92.55294391,NA,84
"5/17/2004","8/9/2004",1,140,1,2568,92.55294391,NA,84
"5/17/2004","8/9/2004",1,140,1,2569,92.55294391,NA,84
"5/17/2004","8/9/2004",1,140,1,2570,92.55294391,NA,84
"5/17/2004","8/9/2004",1,140,1,2644,92.55294391,NA,84
"5/17/2004","8/9/2004",1,140,1,2645,92.55294391,NA,84
"8/10/2004","11/14/2004",1,140,1,2164,92.55294391,NA,96
"8/10/2004","11/14/2004",1,140,1,2165,92.55294391,NA,96
"5/17/2004","11/14/2004",1,140,1,2198,92.55294391,85,181
"8/10/2004","2/13/2005",1,140,1,1305,92.55294391,97,187
"8/10/2004","2/13/2005",1,140,1,1541,92.55294391,97,187
"8/10/2004","2/13/2005",1,140,1,1542,92.55294391,97,187
"8/10/2004","2/13/2005",1,140,1,1543,92.55294391,97,187
"8/10/2004","2/13/2005",1,140,1,1544,92.55294391,97,187
"8/10/2004","2/13/2005",1,140,1,1545,92.55294391,97,187
"8/10/2004","2/13/2005",1,140,1,1546,92.55294391,97,187
"8/10/2004","2/13/2005",1,140,1,1547,92.55294391,97,187
"5/17/2004","2/13/2005",1,140,1,1652,92.55294391,182,272
"8/10/2004","5/15/2005",1,140,1,1115,92.55294391,188,278
"8/10/2004","7/31/2005",1,140,1,854,92.55294391,279,355
"8/10/2004","11/14/2005",1,140,1,106,92.55294391,356,461
"8/10/2004","11/14/2005",1,140,1,107,92.55294391,356,461
"5/17/2004","11/14/2005",1,140,1,137,92.55294391,441,546
"5/17/2004","11/14/2004",1,141,1,1914,19.44267516,85,181
"8/10/2004","11/14/2004",1,141,1,2166,19.44267516,NA,96
"8/10/2004","11/14/2004",1,141,1,2167,19.44267516,NA,96
"8/10/2004","11/14/2004",1,141,1,2168,19.44267516,NA,96
"8/10/2004","11/14/2004",1,141,1,2169,19.44267516,NA,96
"5/17/2004","11/14/2004",1,141,1,2261,19.44267516,85,181
"8/10/2004","2/13/2005",1,141,1,1548,19.44267516,97,187
"5/17/2004","2/13/2005",1,141,1,1653,19.44267516,182,272
"5/17/2004","5/15/2005",1,141,1,1162,19.44267516,273,363
"5/17/2004","2/21/2006",1,141,1,417,19.44267516,547,645
"5/17/2004","8/9/2004",1,121,1,2537,51.38969311,NA,84
"2/24/2004","5/16/2004",1,125,1,2870,14.5193978,NA,82
"5/17/2004","8/9/2004",1,125,1,2540,14.5193978,NA,84
"2/24/2004","8/9/2004",1,125,1,2650,14.5193978,83,167
"8/10/2004","11/14/2004",1,125,1,2112,14.5193978,NA,96
"8/10/2004","11/14/2004",1,125,1,2113,14.5193978,NA,96
"8/10/2004","11/14/2004",1,125,1,2114,14.5193978,NA,96
"5/17/2004","11/14/2004",1,125,1,2199,14.5193978,85,181
"8/10/2004","2/13/2005",1,125,1,1304,14.5193978,97,187
"8/10/2004","2/13/2005",1,125,1,1491,14.5193978,97,187
"8/10/2004","2/13/2005",1,125,1,1492,14.5193978,97,187
"5/17/2004","2/13/2005",1,125,1,1561,14.5193978,182,272
"5/17/2004","2/13/2005",1,125,1,1632,14.5193978,182,272
"5/17/2004","2/13/2005",1,125,1,1633,14.5193978,182,272
"5/17/2004","2/13/2005",1,125,1,1634,14.5193978,182,272
"8/10/2004","5/15/2005",1,125,1,1086,14.5193978,188,278
"5/17/2004","5/15/2005",1,125,1,1155,14.5193978,273,363
"5/17/2004","8/9/2004",1,126,1,2541,96.45356976,NA,84
"2/24/2004","8/9/2004",1,126,1,2653,96.45356976,83,167
"5/17/2004","11/14/2004",1,126,1,2236,96.45356976,85,181
"11/15/2004","5/15/2005",1,126,1,962,96.45356976,91,181
"11/15/2004","5/15/2005",1,126,1,963,96.45356976,91,181
"8/10/2004","5/15/2005",1,126,1,1087,96.45356976,188,278
"8/10/2004","2/21/2006",1,126,1,331,96.45356976,462,560
"5/17/2004","2/21/2006",1,126,1,423,96.45356976,547,645
"5/17/2004","8/9/2004",1,127,1,2542,95.26898557,NA,84
"5/17/2004","8/9/2004",1,127,1,2608,95.26898557,NA,84
"5/17/2004","8/9/2004",1,127,1,2609,95.26898557,NA,84
"5/17/2004","11/14/2004",1,127,1,2237,95.26898557,85,181
"5/17/2004","11/14/2004",1,127,1,2238,95.26898557,85,181
"5/17/2004","11/14/2004",1,127,1,2239,95.26898557,85,181
"5/17/2004","11/14/2004",1,127,1,2240,95.26898557,85,181
"5/17/2004","2/13/2005",1,127,1,1635,95.26898557,182,272
"8/10/2004","11/14/2004",1,124,3,2110,97.71155411,NA,96
"8/10/2004","11/14/2004",1,124,3,2111,97.71155411,NA,96
"8/10/2004","6/28/2007",0,128,3,406,97.71155411,462,NA
"5/17/2004","8/9/2004",1,130,1,2543,95.42704212,NA,84
"5/17/2004","8/9/2004",1,130,1,2544,95.42704212,NA,84
"5/17/2004","8/9/2004",1,130,1,2610,95.42704212,NA,84
"5/17/2004","8/9/2004",1,130,1,2611,95.42704212,NA,84
"5/17/2004","8/9/2004",1,130,1,2612,95.42704212,NA,84
"5/17/2004","8/9/2004",1,130,1,2613,95.42704212,NA,84
"5/17/2004","8/9/2004",1,130,1,2614,95.42704212,NA,84
"5/17/2004","8/9/2004",1,130,1,2615,95.42704212,NA,84
"5/17/2004","8/9/2004",1,130,1,2616,95.42704212,NA,84
"5/17/2004","8/9/2004",1,130,1,2617,95.42704212,NA,84
"5/17/2004","8/9/2004",1,130,1,2618,95.42704212,NA,84
"5/17/2004","8/9/2004",1,130,1,2619,95.42704212,NA,84
"5/17/2004","8/9/2004",1,130,1,2620,95.42704212,NA,84
"5/17/2004","8/9/2004",1,130,1,2621,95.42704212,NA,84
"5/17/2004","8/9/2004",1,130,1,2622,95.42704212,NA,84
"5/17/2004","8/9/2004",1,130,1,2623,95.42704212,NA,84
"8/10/2004","11/14/2004",1,130,1,2115,95.42704212,NA,96
"8/10/2004","11/14/2004",1,130,1,2116,95.42704212,NA,96
"5/17/2004","11/14/2004",1,130,1,2182,95.42704212,85,181
"5/17/2004","11/14/2004",1,130,1,2183,95.42704212,85,181
"5/17/2004","11/14/2004",1,130,1,2184,95.42704212,85,181
"5/17/2004","11/14/2004",1,130,1,2185,95.42704212,85,181
"5/17/2004","11/14/2004",1,130,1,2186,95.42704212,85,181
"5/17/2004","11/14/2004",1,130,1,2187,95.42704212,85,181
"5/17/2004","11/14/2004",1,130,1,2241,95.42704212,85,181
"5/17/2004","11/14/2004",1,130,1,2242,95.42704212,85,181
"5/17/2004","11/14/2004",1,130,1,2243,95.42704212,85,181
"5/17/2004","11/14/2004",1,130,1,2244,95.42704212,85,181
"8/10/2004","2/13/2005",1,130,1,1493,95.42704212,97,187
"8/10/2004","2/13/2005",1,130,1,1494,95.42704212,97,187
"8/10/2004","2/13/2005",1,130,1,1495,95.42704212,97,187
"8/10/2004","2/13/2005",1,130,1,1496,95.42704212,97,187
"8/10/2004","2/13/2005",1,130,1,1497,95.42704212,97,187
"5/17/2004","2/13/2005",1,130,1,1562,95.42704212,182,272
"5/17/2004","2/13/2005",1,130,1,1563,95.42704212,182,272
"5/17/2004","2/13/2005",1,130,1,1564,95.42704212,182,272
"5/17/2004","2/13/2005",1,130,1,1565,95.42704212,182,272
"5/17/2004","2/13/2005",1,130,1,1566,95.42704212,182,272
"5/17/2004","2/13/2005",1,130,1,1567,95.42704212,182,272
"5/17/2004","2/13/2005",1,130,1,1568,95.42704212,182,272
"5/17/2004","2/13/2005",1,130,1,1569,95.42704212,182,272
"5/17/2004","2/13/2005",1,130,1,1570,95.42704212,182,272
"5/17/2004","2/13/2005",1,130,1,1636,95.42704212,182,272
"5/17/2004","2/13/2005",1,130,1,1637,95.42704212,182,272
"5/17/2004","2/13/2005",1,130,1,1638,95.42704212,182,272
"5/17/2004","2/13/2005",1,130,1,1639,95.42704212,182,272
"5/17/2004","8/9/2004",1,131,1,2545,58.05212939,NA,84
"5/17/2004","8/9/2004",1,131,1,2546,58.05212939,NA,84
"5/17/2004","8/9/2004",1,131,1,2624,58.05212939,NA,84
"5/17/2004","8/9/2004",1,131,1,2625,58.05212939,NA,84
"5/17/2004","8/9/2004",1,131,1,2626,58.05212939,NA,84
"8/10/2004","11/14/2004",1,131,1,2117,58.05212939,NA,96
"5/17/2004","2/13/2005",1,131,1,1571,58.05212939,182,272
"5/17/2004","2/13/2005",1,131,1,1572,58.05212939,182,272
"5/17/2004","2/13/2005",1,131,1,1573,58.05212939,182,272
"5/17/2004","2/13/2005",1,131,1,1640,58.05212939,182,272
"5/17/2004","2/13/2005",1,131,1,1641,58.05212939,182,272
"5/17/2004","5/15/2005",1,131,1,1130,58.05212939,273,363
"5/17/2004","5/15/2005",1,131,1,1131,58.05212939,273,363
"5/17/2004","5/15/2005",1,131,1,1157,58.05212939,273,363
"5/17/2004","5/15/2005",1,131,1,1158,58.05212939,273,363
"11/15/2004","11/14/2005",1,131,1,28,58.05212939,259,364
"8/10/2004","11/14/2005",1,131,1,93,58.05212939,356,461
"5/17/2004","11/14/2005",1,131,1,124,58.05212939,441,546
"5/17/2004","11/14/2005",1,131,1,134,58.05212939,441,546
"5/17/2004","11/14/2005",1,131,1,135,58.05212939,441,546
"8/10/2004","10/24/2006",1,131,1,407,58.05212939,462,805
"8/10/2004","10/24/2006",1,131,1,408,58.05212939,462,805
"5/17/2004","10/24/2006",1,131,1,433,58.05212939,547,890
"5/17/2004","10/24/2006",1,131,1,434,58.05212939,547,890
"5/17/2004","8/9/2004",1,132,1,2547,95.03411252,NA,84
"5/17/2004","8/9/2004",1,132,1,2853,95.03411252,NA,84
"5/17/2004","8/9/2004",1,132,1,2854,95.03411252,NA,84
"8/10/2004","11/14/2004",1,132,1,2118,95.03411252,NA,96
"8/10/2004","11/14/2004",1,132,1,2119,95.03411252,NA,96
"8/10/2004","11/14/2004",1,132,1,2120,95.03411252,NA,96
"8/10/2004","11/14/2004",1,132,1,2121,95.03411252,NA,96
"8/10/2004","11/14/2004",1,132,1,2122,95.03411252,NA,96
"8/10/2004","11/14/2004",1,132,1,2123,95.03411252,NA,96
"5/17/2004","11/14/2004",1,132,1,2189,95.03411252,85,181
"5/17/2004","11/14/2004",1,132,1,2249,95.03411252,85,181
"5/17/2004","11/14/2004",1,132,1,2250,95.03411252,85,181
"5/17/2004","11/14/2004",1,132,1,2251,95.03411252,85,181
"5/17/2004","11/14/2004",1,132,1,2252,95.03411252,85,181
"5/17/2004","11/14/2004",1,132,1,2253,95.03411252,85,181
"8/10/2004","2/13/2005",1,132,1,1498,95.03411252,97,187
"5/17/2004","2/13/2005",1,132,1,1642,95.03411252,182,272
"11/15/2004","5/15/2005",1,132,1,956,95.03411252,91,181
"8/10/2004","5/15/2005",1,132,1,1091,95.03411252,188,278
"8/10/2004","5/15/2005",1,132,1,1092,95.03411252,188,278
"8/10/2004","11/14/2005",1,132,1,94,95.03411252,356,461
"8/10/2004","11/14/2005",1,132,1,95,95.03411252,356,461
"8/10/2004","11/14/2005",1,132,1,96,95.03411252,356,461
"5/17/2004","11/14/2005",1,132,1,125,95.03411252,441,546
"5/17/2004","11/14/2005",1,132,1,126,95.03411252,441,546
"5/17/2004","11/14/2005",1,132,1,127,95.03411252,441,546
"11/15/2005","2/21/2006",1,132,1,247,95.03411252,NA,98
"8/1/2005","2/21/2006",1,132,1,261,95.03411252,106,204
"5/17/2004","2/21/2006",1,132,1,293,95.03411252,547,645
"8/10/2004","2/21/2006",1,132,1,332,95.03411252,462,560
"8/10/2004","2/21/2006",1,132,1,333,95.03411252,462,560
"8/10/2004","2/21/2006",1,132,1,334,95.03411252,462,560
"8/10/2004","2/21/2006",1,132,1,335,95.03411252,462,560
"8/10/2004","2/21/2006",1,132,1,336,95.03411252,462,560
"8/10/2004","10/24/2006",1,132,1,410,95.03411252,462,805
"8/10/2004","6/27/2007",1,132,1,409,95.03411252,462,1051
"5/17/2004","8/9/2004",1,123,1,2538,98.57508221,NA,84
"5/17/2004","8/9/2004",1,123,1,2539,98.57508221,NA,84
"8/10/2004","11/14/2004",1,123,1,2109,98.57508221,NA,96
"8/10/2004","5/15/2005",1,133,1,1093,98.57508221,188,278
"8/10/2004","5/15/2005",1,133,1,1094,98.57508221,188,278
"8/10/2004","5/15/2005",1,133,1,1095,98.57508221,188,278
"2/24/2004","5/16/2004",1,134,1,2871,85.78928946,NA,82
"5/17/2004","8/9/2004",1,134,1,2452,85.78928946,NA,84
"5/17/2004","8/9/2004",1,134,1,2548,85.78928946,NA,84
"5/17/2004","8/9/2004",1,134,1,2549,85.78928946,NA,84
"5/17/2004","8/9/2004",1,134,1,2550,85.78928946,NA,84
"5/17/2004","8/9/2004",1,134,1,2551,85.78928946,NA,84
"5/17/2004","8/9/2004",1,134,1,2552,85.78928946,NA,84
"5/17/2004","8/9/2004",1,134,1,2553,85.78928946,NA,84
"5/17/2004","8/9/2004",1,134,1,2554,85.78928946,NA,84
"5/17/2004","8/9/2004",1,134,1,2555,85.78928946,NA,84
"5/17/2004","8/9/2004",1,134,1,2556,85.78928946,NA,84
"5/17/2004","8/9/2004",1,134,1,2557,85.78928946,NA,84
"5/17/2004","8/9/2004",1,134,1,2558,85.78928946,NA,84
"5/17/2004","8/9/2004",1,134,1,2559,85.78928946,NA,84
"5/17/2004","8/9/2004",1,134,1,2560,85.78928946,NA,84
"5/17/2004","8/9/2004",1,134,1,2561,85.78928946,NA,84
"5/17/2004","8/9/2004",1,134,1,2562,85.78928946,NA,84
"5/17/2004","8/9/2004",1,134,1,2563,85.78928946,NA,84
"5/17/2004","8/9/2004",1,134,1,2564,85.78928946,NA,84
"5/17/2004","8/9/2004",1,134,1,2565,85.78928946,NA,84
"5/17/2004","8/9/2004",1,134,1,2628,85.78928946,NA,84
"5/17/2004","8/9/2004",1,134,1,2629,85.78928946,NA,84
"5/17/2004","8/9/2004",1,134,1,2630,85.78928946,NA,84
"5/17/2004","8/9/2004",1,134,1,2631,85.78928946,NA,84
"5/17/2004","8/9/2004",1,134,1,2632,85.78928946,NA,84
"5/17/2004","8/9/2004",1,134,1,2633,85.78928946,NA,84
"5/17/2004","8/9/2004",1,134,1,2634,85.78928946,NA,84
"5/17/2004","8/9/2004",1,134,1,2635,85.78928946,NA,84
"5/17/2004","8/9/2004",1,134,1,2636,85.78928946,NA,84
"5/17/2004","8/9/2004",1,134,1,2637,85.78928946,NA,84
"5/17/2004","8/9/2004",1,134,1,2638,85.78928946,NA,84
"5/17/2004","8/9/2004",1,134,1,2639,85.78928946,NA,84
"5/17/2004","8/9/2004",1,134,1,2640,85.78928946,NA,84
"5/17/2004","8/9/2004",1,134,1,2641,85.78928946,NA,84
"8/10/2004","11/14/2004",1,134,1,2124,85.78928946,NA,96
"8/10/2004","11/14/2004",1,134,1,2125,85.78928946,NA,96
"8/10/2004","11/14/2004",1,134,1,2126,85.78928946,NA,96
"8/10/2004","11/14/2004",1,134,1,2127,85.78928946,NA,96
"8/10/2004","11/14/2004",1,134,1,2128,85.78928946,NA,96
"8/10/2004","11/14/2004",1,134,1,2129,85.78928946,NA,96
"5/17/2004","11/14/2004",1,134,1,2190,85.78928946,85,181
"5/17/2004","11/14/2004",1,134,1,2191,85.78928946,85,181
"5/17/2004","11/14/2004",1,134,1,2192,85.78928946,85,181
"5/17/2004","11/14/2004",1,134,1,2193,85.78928946,85,181
"5/17/2004","11/14/2004",1,134,1,2194,85.78928946,85,181
"5/17/2004","11/14/2004",1,134,1,2195,85.78928946,85,181
"5/17/2004","11/14/2004",1,134,1,2255,85.78928946,85,181
"5/17/2004","11/14/2004",1,134,1,2256,85.78928946,85,181
"5/17/2004","11/14/2004",1,134,1,2257,85.78928946,85,181
"5/17/2004","11/14/2004",1,134,1,2258,85.78928946,85,181
"5/17/2004","11/14/2004",1,134,1,2259,85.78928946,85,181
"2/24/2004","11/14/2004",1,134,1,2289,85.78928946,168,264
"8/10/2004","2/13/2005",1,134,1,1499,85.78928946,97,187
"8/10/2004","2/13/2005",1,134,1,1500,85.78928946,97,187
"8/10/2004","2/13/2005",1,134,1,1501,85.78928946,97,187
"8/10/2004","2/13/2005",1,134,1,1502,85.78928946,97,187
"8/10/2004","2/13/2005",1,134,1,1503,85.78928946,97,187
"8/10/2004","2/13/2005",1,134,1,1504,85.78928946,97,187
"8/10/2004","2/13/2005",1,134,1,1505,85.78928946,97,187
"8/10/2004","2/13/2005",1,134,1,1506,85.78928946,97,187
"8/10/2004","2/13/2005",1,134,1,1507,85.78928946,97,187
"8/10/2004","2/13/2005",1,134,1,1508,85.78928946,97,187
"5/17/2004","2/13/2005",1,134,1,1574,85.78928946,182,272
"5/17/2004","2/13/2005",1,134,1,1575,85.78928946,182,272
"5/17/2004","2/13/2005",1,134,1,1576,85.78928946,182,272
"5/17/2004","2/13/2005",1,134,1,1643,85.78928946,182,272
"5/17/2004","2/13/2005",1,134,1,1644,85.78928946,182,272
"5/17/2004","2/13/2005",1,134,1,1645,85.78928946,182,272
"5/17/2004","2/13/2005",1,134,1,1646,85.78928946,182,272
"5/17/2004","2/13/2005",1,134,1,1647,85.78928946,182,272
"5/17/2004","2/13/2005",1,134,1,1648,85.78928946,182,272
"8/10/2004","5/15/2005",1,134,1,1096,85.78928946,188,278
"8/10/2004","5/15/2005",1,134,1,1097,85.78928946,188,278
"8/10/2004","5/15/2005",1,134,1,1098,85.78928946,188,278
"8/10/2004","5/15/2005",1,134,1,1099,85.78928946,188,278
"8/10/2004","5/15/2005",1,134,1,1100,85.78928946,188,278
"8/10/2004","5/15/2005",1,134,1,1101,85.78928946,188,278
"8/10/2004","5/15/2005",1,134,1,1102,85.78928946,188,278
"8/10/2004","5/15/2005",1,134,1,1103,85.78928946,188,278
"8/10/2004","5/15/2005",1,134,1,1104,85.78928946,188,278
"5/17/2004","5/15/2005",1,134,1,1132,85.78928946,273,363
"5/17/2004","5/15/2005",1,134,1,1133,85.78928946,273,363
"5/17/2004","5/15/2005",1,134,1,1134,85.78928946,273,363
"5/17/2004","5/15/2005",1,134,1,1159,85.78928946,273,363
"5/16/2005","7/31/2005",1,134,1,734,85.78928946,NA,76
"5/16/2005","7/31/2005",1,134,1,735,85.78928946,NA,76
"8/10/2004","7/31/2005",1,134,1,851,85.78928946,279,355
"5/17/2004","7/31/2005",1,134,1,862,85.78928946,364,440
"5/17/2004","7/31/2005",1,134,1,863,85.78928946,364,440
"8/1/2005","11/14/2005",1,134,1,12,85.78928946,NA,105
"8/1/2005","11/14/2005",1,134,1,13,85.78928946,NA,105
"8/10/2004","11/14/2005",1,134,1,97,85.78928946,356,461
"5/17/2004","11/14/2005",1,134,1,136,85.78928946,441,546
"8/1/2005","2/21/2006",1,134,1,262,85.78928946,106,204
"8/1/2005","2/21/2006",1,134,1,263,85.78928946,106,204
"8/1/2005","10/24/2006",1,134,1,281,85.78928946,106,449
"8/10/2004","10/24/2006",1,134,1,411,85.78928946,462,805
"5/17/2004","6/27/2007",1,134,1,435,85.78928946,547,1136
"8/10/2004","7/31/2005",1,135,1,742,94.21371909,279,355
"5/17/2004","8/9/2004",1,137,1,2642,85.16332553,NA,84
"5/17/2004","8/9/2004",1,137,1,2643,85.16332553,NA,84
"8/10/2004","11/14/2004",1,137,1,2131,85.16332553,NA,96
"8/10/2004","2/13/2005",1,137,1,1509,85.16332553,97,187
"11/15/2004","5/15/2005",1,137,1,964,85.16332553,91,181
"8/10/2004","5/15/2005",1,137,1,1105,85.16332553,188,278
"8/10/2004","5/15/2005",1,137,1,1106,85.16332553,188,278
"5/16/2005","7/31/2005",1,137,1,736,85.16332553,NA,76
"8/10/2004","7/31/2005",1,137,1,852,85.16332553,279,355
"8/1/2005","11/14/2005",1,137,1,14,85.16332553,NA,105
"8/1/2005","11/14/2005",1,137,1,15,85.16332553,NA,105
"5/16/2005","11/14/2005",1,137,1,19,85.16332553,77,182
"5/16/2005","11/14/2005",1,137,1,20,85.16332553,77,182
"5/16/2005","11/14/2005",1,137,1,21,85.16332553,77,182
"5/16/2005","11/14/2005",1,137,1,22,85.16332553,77,182
"8/10/2004","11/14/2005",1,137,1,98,85.16332553,356,461
"8/10/2004","11/14/2005",1,137,1,99,85.16332553,356,461
"8/1/2005","10/24/2006",1,137,1,282,85.16332553,106,449
"8/1/2005","10/24/2006",1,137,1,283,85.16332553,106,449
"8/10/2004","10/24/2006",1,137,1,412,85.16332553,462,805
"5/17/2004","10/24/2006",1,137,1,436,85.16332553,547,890
"5/17/2004","10/24/2006",1,137,1,437,85.16332553,547,890
