Plot,SPP,U,V,W,date,truecover,logw
503,ACERRUBR,2,2.952755906,3.423851966,1999,1,1.230766223
506,OSTRVIR,80,141.7322835,462.6004434,1999,1,6.136863708
526,CELTOCC,6,6.88976378,16.35840384,1999,1,2.794741762
526,FAGUGRA,13,10.33464567,10.0813419,1999,1,2.310686379
532,QUERFAL,1,50,1963.495408,1999,1,7.582481536
63,QUERALB,6,13.77952756,101.574275,2001,1,4.620790304
67,VIBURUF,5,2.460629921,0.951069991,2001,1,-0.050167622
68,ULMUALA,5,2.460629921,0.951069991,2001,1,-0.050167622
988,ULMURUB,3,6.397637795,11.22262589,1999,1,2.417931909
1,FRAX1S1,1,1.476377953,1.711925983,2000,2,0.537619043
1,JUNIVIR,9,12.30314961,29.10274171,2000,2,3.370832387
1,ULMUALA,8,21.65354331,50.21649551,2000,2,3.916343568
11,AMELARB,1,1.476377953,1.711925983,2001,2,0.537619043
11,FAGUGRA,5,2.460629921,0.951069991,2001,2,-0.050167622
11,FRAX1S1,1,1.476377953,1.711925983,2001,2,0.537619043
11,JUNIVIR,4,11.81102362,28.15167172,2001,2,3.337606739
11,QUERRUB,11,6.397637795,3.614065964,2001,2,1.284833444
11,QUERVEL,1,1.476377953,1.711925983,2001,2,0.537619043
11,VIBUPRU,10,4.921259843,1.902139981,2001,2,0.642979558
11,VIBUPRU,10,4.921259843,1.902139981,2001,2,0.642979558
11,VIBURAF,15,7.381889764,2.853209972,2001,2,1.048444666
12,CERCCAN,1,1.476377953,1.711925983,2000,2,0.537619043
12,FAGUGRA,1,4.429133858,15.40733385,2000,2,2.73484362
12,JUNIVIR,1,1.476377953,1.711925983,2000,2,0.537619043
12,PRUNSER,7,5.413385827,4.374921957,2000,2,1.475888681
12,VIBURUF,2,3.937007874,6.467275936,2000,2,1.86675499
14,FAGUGRA,5,2.460629921,0.951069991,2000,2,-0.050167622
14,JUNIVIR,5,15.25590551,46.60242954,2000,2,3.841652676
14,VIBUACE,5,2.460629921,0.951069991,2000,2,-0.050167622
17,ACERRUBR,35,44.78346457,64.48254536,2001,2,4.166394573
17,CARYTOM,1,1.476377953,1.711925983,2001,2,0.537619043
17,DIOSVIR,2,4.921259843,9.510699906,2001,2,2.252417471
17,ULMUAME,1,1.476377953,1.711925983,2001,2,0.537619043
17,VIBURUF,1,1.476377953,1.711925983,2001,2,0.537619043
17,VITIROT,5,2.460629921,0.951069991,2001,2,-0.050167622
18,NYSSSYL,30,44.29133858,68.09661133,2001,2,4.220927452
18,QUERFAL,2,25.59055118,257.5497535,2001,2,5.551212919
2,CARYOVT,5,2.460629921,0.951069991,2000,2,-0.050167622
2,CARYTOM,2,2.952755906,3.423851966,2000,2,1.230766223
2,FAGUGRA,10,4.921259843,1.902139981,2000,2,0.642979558
2,VIBUACE,5,2.460629921,0.951069991,2000,2,-0.050167622
21,DIOSVIR,7,5.413385827,4.374921957,2001,2,1.475888681
21,JUNIVIR,3,10.33464567,29.48316971,2001,2,3.383819582
21,PINUVIR,1,9.350393701,68.66725332,2001,2,4.229272424
21,VITIROT,10,4.921259843,1.902139981,2001,2,0.642979558
25,JUNIVIR,2,2.952755906,3.423851966,2000,2,1.230766223
25,NYSSSYL,3,5.413385827,8.179201919,2000,2,2.101594581
25,PINUECH,1,11.31889764,100.623205,2000,2,4.611382897
25,QUERALB,4,196.5,7631.910303,2000,2,8.94009346
25,QUERVEL,5,2.460629921,0.951069991,2000,2,-0.050167622
26,CERCCAN,10,4.921259843,1.902139981,2001,2,0.642979558
26,ILEXOPAO,5,2.460629921,0.951069991,2001,2,-0.050167622
26,JUNIVIR,5,2.460629921,0.951069991,2001,2,-0.050167622
29,CARPCAR,20,9.842519685,3.804279963,2001,2,1.336126739
29,CARYOVT,5,2.460629921,0.951069991,2001,2,-0.050167622
29,PINUECH,1,40.5,1288.249338,2001,2,7.161039473
29,SMILROT,25,12.30314961,4.755349953,2001,2,1.55927029
30,JUNIVIR,10,4.921259843,1.902139981,2001,2,0.642979558
30,PRUNSER,5,2.460629921,0.951069991,2001,2,-0.050167622
31,FRAX1S1,5,2.460629921,0.951069991,2001,2,-0.050167622
31,JUNIVIR,8,51.25590551,1049.641757,2001,2,6.956204202
31,LIRITUL,1,1.476377953,1.711925983,2001,2,0.537619043
31,OXYDARB,1,1.476377953,1.711925983,2001,2,0.537619043
31,PRUNSER,19,18.20866142,17.30947383,2001,2,2.851253972
31,VIBUACE,35,17.22440945,6.657489934,2001,2,1.895742527
31,VIBUPRU,5,2.460629921,0.951069991,2001,2,-0.050167622
34,PRUNSER,1,1.476377953,1.711925983,2001,2,0.537619043
35,CARYTOM,1,3.44488189,9.320485908,2001,2,2.232214763
35,PINUTAE,4,12.79527559,60.10762341,2001,2,4.096136679
35,QUERNIG,6,4.921259843,5.706419944,2001,2,1.741591847
36,JUNIVIR,1,1.476377953,1.711925983,2001,2,0.537619043
36,MORURUB,1,1.476377953,1.711925983,2001,2,0.537619043
36,PRUNSER,2,2.952755906,3.423851966,2001,2,1.230766223
36,QUERRUB,5,2.460629921,0.951069991,2001,2,-0.050167622
36,QUERVEL,5,2.460629921,0.951069991,2001,2,-0.050167622
41,CHIOVIR,1,1.476377953,1.711925983,2001,2,0.537619043
41,CORNFLO,5,2.460629921,0.951069991,2001,2,-0.050167622
41,NYSSSYL,1,1.476377953,1.711925983,2001,2,0.537619043
41,PINUVIR,1,8.366141732,54.97184546,2001,2,4.006821153
41,QUERFAL,5,2.460629921,0.951069991,2001,2,-0.050167622
41,VIBUPRU,5,2.460629921,0.951069991,2001,2,-0.050167622
42,DIOSVIR,10,4.921259843,1.902139981,2000,2,0.642979558
42,LIRITUL,10,4.921259843,1.902139981,2000,2,0.642979558
42,MORURUB,5,2.460629921,0.951069991,2000,2,-0.050167622
42,PINUTAE,5,2.460629921,0.951069991,2000,2,-0.050167622
42,VIBURAF,25,12.30314961,4.755349953,2000,2,1.55927029
43,PINUVIR,1,7.381889764,42.79814958,2001,2,3.756494868
43,VIBURAF,5,2.460629921,0.951069991,2001,2,-0.050167622
44,CARYGLA,5,2.460629921,0.951069991,2001,2,-0.050167622
44,SMILROT,5,2.460629921,0.951069991,2001,2,-0.050167622
49,CARYTOM,5,2.460629921,0.951069991,2001,2,-0.050167622
49,CERCCAN,5,2.460629921,0.951069991,2001,2,-0.050167622
49,FAGUGRA,10,4.921259843,1.902139981,2001,2,0.642979558
49,JUNIVIR,10,4.921259843,1.902139981,2001,2,0.642979558
49,ULMURUB,1,1.476377953,1.711925983,2001,2,0.537619043
50,CARYOVT,5,2.460629921,0.951069991,2001,2,-0.050167622
50,JUNIVIR,1,3.44488189,9.320485908,2001,2,2.232214763
50,QUERRUB,10,4.921259843,1.902139981,2001,2,0.642979558
50,SMILROT,5,2.460629921,0.951069991,2001,2,-0.050167622
501,CORNFLO,1,1.476377953,1.711925983,1999,2,0.537619043
501,QUERVEL,6,3.937007874,2.662995974,1999,2,0.979451795
501,ULMUALA,5,2.460629921,0.951069991,1999,2,-0.050167622
501,VIBUPRU,2,3.937007874,6.467275936,1999,2,1.86675499
501,VIBURUF,10,4.921259843,1.902139981,1999,2,0.642979558
503,AESCSYL,5,2.460629921,0.951069991,1999,2,-0.050167622
503,JUNIVIR,2,10.82677165,47.55349953,1999,2,3.861855383
503,PRUNSER,11,6.397637795,3.614065964,1999,2,1.284833444
504,AESCSYL,1,1.476377953,1.711925983,1999,2,0.537619043
504,CELTOCC,1,1.476377953,1.711925983,1999,2,0.537619043
504,CHIOVIR,5,2.460629921,0.951069991,1999,2,-0.050167622
504,CORNFLO,2,3.937007874,6.467275936,1999,2,1.86675499
504,MORURUB,1,1.476377953,1.711925983,1999,2,0.537619043
504,QUERVEL,13,9.350393701,7.037917931,1999,2,1.951312378
504,ULMUALA,1,4.429133858,15.40733385,1999,2,2.73484362
504,VIBURUF,6,3.937007874,2.662995974,1999,2,0.979451795
505,ACERBAR,8,6.88976378,6.08684794,1999,2,1.806130368
505,MORURUB,1,5.413385827,23.01589377,1999,2,3.136185011
505,NYSSSYL,11,7.381889764,6.657489934,1999,2,1.895742527
505,VIBUACE,5,2.460629921,0.951069991,1999,2,-0.050167622
506,ACERBAR,16,10.82677165,12.17369588,1999,2,2.499277549
506,AESCSYL,5,2.460629921,0.951069991,1999,2,-0.050167622
506,CARYOVT,5,2.460629921,0.951069991,1999,2,-0.050167622
506,CERCCAN,15,7.381889764,2.853209972,1999,2,1.048444666
506,ILEXAMB,5,2.460629921,0.951069991,1999,2,-0.050167622
506,PRUNSER,5,2.460629921,0.951069991,1999,2,-0.050167622
506,QUERALB,1,6.397637795,32.14616568,1999,2,3.47029318
506,ULMURUB,6,3.937007874,2.662995974,1999,2,0.979451795
506,VIBUPRU,5,2.460629921,0.951069991,1999,2,-0.050167622
508,CERCCAN,10,4.921259843,1.902139981,1999,2,0.642979558
508,CORNFLO,1,2.460629921,4.755349953,1999,2,1.55927029
508,JUNIVIR,3,7.381889764,18.83118581,1999,2,2.935514315
508,PRUNAME,1,3.44488189,9.320485908,1999,2,2.232214763
508,PRUNSER,16,8.858267717,4.565135955,1999,2,1.518448296
508,VIBUPRU,7,5.413385827,4.374921957,1999,2,1.475888681
508,VIBURUF,1,1.476377953,1.711925983,1999,2,0.537619043
509,CARYGLA,1,4.429133858,15.40733385,1999,2,2.73484362
509,CORNFLO,1,2.460629921,4.755349953,1999,2,1.55927029
509,NYSSSYL,2,9.842519685,47.55349953,1999,2,3.861855383
509,OSTRVIR,11,6.397637795,3.614065964,1999,2,1.284833444
509,QUERRUB,10,4.921259843,1.902139981,1999,2,0.642979558
509,VIBUACE,15,7.381889764,2.853209972,1999,2,1.048444666
51,DIOSVIR,1,2.460629921,4.755349953,2001,2,1.55927029
51,LIQUSTY,1,8.366141732,54.97184546,2001,2,4.006821153
51,PRUNSER,11,11.31889764,11.22262589,2001,2,2.417931909
51,QUERPHE,16,8.858267717,4.565135955,2001,2,1.518448296
51,QUERRUB,6,3.937007874,2.662995974,2001,2,0.979451795
51,ULMUAME,5,2.460629921,0.951069991,2001,2,-0.050167622
51,VIBUPRU,5,2.460629921,0.951069991,2001,2,-0.050167622
51,VIBUPRU,5,2.460629921,0.951069991,2001,2,-0.050167622
513,DIOSVIR,5,2.460629921,0.951069991,2001,2,-0.050167622
513,NYSSSYL,5,2.460629921,0.951069991,2001,2,-0.050167622
513,PINUTAE,4,5.905511811,6.847703933,2001,2,1.923913404
513,PRUNSER,5,2.460629921,0.951069991,2001,2,-0.050167622
523,CARYOVT,5,2.460629921,0.951069991,2000,2,-0.050167622
523,FRAX1S1,15,7.381889764,2.853209972,2000,2,1.048444666
523,JUNIVIR,1,1.476377953,1.711925983,2000,2,0.537619043
523,ULMUAME,15,7.381889764,2.853209972,2000,2,1.048444666
523,ULMURUB,1,1.476377953,1.711925983,2000,2,0.537619043
524,MORURUB,5,2.460629921,0.951069991,2001,2,-0.050167622
525,JUNIVIR,5,2.460629921,0.951069991,1999,2,-0.050167622
526,AESCSYL,10,4.921259843,1.902139981,1999,2,0.642979558
526,CERCCAN,3,7.381889764,15.78776184,1999,2,2.759235073
526,QUERRUB,1,2.460629921,4.755349953,1999,2,1.55927029
526,ULMUALA,14,10.82677165,8.749843914,1999,2,2.169035862
526,ULMURUB,3,4.429133858,5.135777949,1999,2,1.636231331
528,CARYGLA,1,1.476377953,1.711925983,1999,2,0.537619043
528,NYSSSYL,1,1.476377953,1.711925983,1999,2,0.537619043
528,VIBUACE,5,2.460629921,0.951069991,1999,2,-0.050167622
531,CARYALB,1,4.429133858,15.40733385,1999,2,2.73484362
531,FRAX1S1,1,1.476377953,1.711925983,1999,2,0.537619043
531,ULMUALA,8,11.81102362,24.34739176,1999,2,3.192424729
532,CARPCAR,2,7.874015748,24.72781976,1999,2,3.207928916
532,CARYOVT,11,6.397637795,3.614065964,1999,2,1.284833444
532,FRAX1S1,1,1.476377953,1.711925983,1999,2,0.537619043
532,LIQUSTY,2,2.952755906,3.423851966,1999,2,1.230766223
532,VIBUACE,15,7.381889764,2.853209972,1999,2,1.048444666
537,ACERBAR,1,1.476377953,1.711925983,2001,2,0.537619043
537,DIOSVIR,5,2.460629921,0.951069991,2001,2,-0.050167622
539,CARYGLA,5,2.460629921,0.951069991,2000,2,-0.050167622
54,CHIOVIR,5,2.460629921,0.951069991,2000,2,-0.050167622
54,JUNIVIR,11,6.397637795,3.614065964,2000,2,1.284833444
54,QUERFAL,1,7.381889764,42.79814958,2000,2,3.756494868
541,DIOSVIR,1,1.476377953,1.711925983,2000,2,0.537619043
541,QUERPHE,6,3.937007874,2.662995974,2000,2,0.979451795
542,ACERBAR,2,2.952755906,3.423851966,2000,2,1.230766223
542,ALNUSER,1,2.460629921,4.755349953,2000,2,1.55927029
542,CARYGLA,5,2.460629921,0.951069991,2000,2,-0.050167622
542,ILEXOPAO,1,1.476377953,1.711925983,2000,2,0.537619043
542,OXYDARB,3,14.27165354,79.69966521,2000,2,4.378265385
542,QUERPHE,3,9.350393701,29.48316971,2000,2,3.383819582
542,QUERSTE,1,1.476377953,1.711925983,2000,2,0.537619043
542,VIBUACE,5,2.460629921,0.951069991,2000,2,-0.050167622
547,VACCCOR,5,2.460629921,0.951069991,2000,2,-0.050167622
553,ILEXDECD,2,2.952755906,3.423851966,2001,2,1.230766223
553,NYSSSYL,1,2.460629921,4.755349953,2001,2,1.55927029
553,OXYDARB,5,2.460629921,0.951069991,2001,2,-0.050167622
553,VIBUPRU,10,4.921259843,1.902139981,2001,2,0.642979558
556,CARYTOM,5,2.460629921,0.951069991,2000,2,-0.050167622
556,JUNIVIR,2,5.905511811,17.11925983,2000,2,2.840204136
556,NYSSSYL,1,1.476377953,1.711925983,2000,2,0.537619043
556,PINUVIR,1,9.350393701,68.66725332,2000,2,4.229272424
556,ULMUALA,1,2.460629921,4.755349953,2000,2,1.55927029
556,ULMURUB,1,1.476377953,1.711925983,2000,2,0.537619043
56,CRAT1S1,5,2.460629921,0.951069991,2001,2,-0.050167622
56,PINUVIR,2,8.858267717,36.90151564,2001,2,3.608252624
560,FAGUGRA,1,1.476377953,1.711925983,2000,2,0.537619043
560,LIQUSTY,1,1.476377953,1.711925983,2000,2,0.537619043
560,PRUNSER,15,7.381889764,2.853209972,2000,2,1.048444666
562,CARPCAR,6,3.937007874,2.662995974,1999,2,0.979451795
562,CARPCAR,16,8.858267717,4.565135955,1999,2,1.518448296
562,CARYALB,6,4.921259843,5.706419944,1999,2,1.741591847
562,ILEXOPAO,1,2.460629921,4.755349953,1999,2,1.55927029
562,JUNIVIR,6,3.937007874,2.662995974,1999,2,0.979451795
562,NYSSSYL,1,2.460629921,4.755349953,1999,2,1.55927029
562,PRUNSER,6,3.937007874,2.662995974,1999,2,0.979451795
562,QUERVEL,1,3.44488189,9.320485908,1999,2,2.232214763
562,VITIROT,5,2.460629921,0.951069991,1999,2,-0.050167622
564,ILEXDECD,2,2.952755906,3.423851966,2000,2,1.230766223
564,NYSSSYL,9,10.33464567,13.88562186,2000,2,2.630853906
564,PINUECH,1,9.350393701,68.66725332,2000,2,4.229272424
564,QUERPHE,10,4.921259843,1.902139981,2000,2,0.642979558
564,QUERVEL,16,8.858267717,4.565135955,2000,2,1.518448296
570,CARPCAR,1,1.476377953,1.711925983,1999,2,0.537619043
570,CELTOCC,5,2.460629921,0.951069991,1999,2,-0.050167622
570,DIOSVIR,5,2.460629921,0.951069991,1999,2,-0.050167622
570,ILEXOPAO,1,2.460629921,4.755349953,1999,2,1.55927029
570,NYSSSYL,1,3.44488189,9.320485908,1999,2,2.232214763
570,OSTRVIR,1,4.429133858,15.40733385,1999,2,2.73484362
570,PRUNAME,5,2.460629921,0.951069991,1999,2,-0.050167622
570,PRUNSER,1,1.476377953,1.711925983,1999,2,0.537619043
570,QUERVEL,1,1.476377953,1.711925983,1999,2,0.537619043
570,VIBUACE,5,2.460629921,0.951069991,1999,2,-0.050167622
574,LIQUSTY,5,2.460629921,0.951069991,2000,2,-0.050167622
574,PRUNSER,15,7.381889764,2.853209972,2000,2,1.048444666
576,JUNIVIR,5,2.460629921,0.951069991,2000,2,-0.050167622
577,BETUNIG,1,5.413385827,23.01589377,2000,2,3.136185011
577,CHIOVIR,6,3.937007874,2.662995974,2000,2,0.979451795
577,JUNIVIR,7,8.366141732,18.07032982,2000,2,2.894271357
577,MORURUB,5,2.460629921,0.951069991,2000,2,-0.050167622
577,QUERALB,1,1.476377953,1.711925983,2000,2,0.537619043
577,QUERPHE,5,2.460629921,0.951069991,2000,2,-0.050167622
577,ULMUALA,15,7.381889764,2.853209972,2000,2,1.048444666
578,CARYOVT,6,4.921259843,5.706419944,2000,2,1.741591847
578,FAGUGRA,3,6.397637795,12.74433787,2000,2,2.545087085
578,ILEXOPAO,5,2.460629921,0.951069991,2000,2,-0.050167622
578,MORURUB,10,4.921259843,1.902139981,2000,2,0.642979558
578,QUERRUB,5,2.460629921,0.951069991,2000,2,-0.050167622
578,ULMUALA,2,2.952755906,3.423851966,2000,2,1.230766223
578,ULMUAME,2,9.842519685,38.42322762,2000,2,3.648662163
578,ULMURUB,12,23.62204724,78.36816723,2000,2,4.361417815
578,VITIAES,4,12.79527559,34.23851966,2000,2,3.533351316
579,CELTOCC,1,1.476377953,1.711925983,2000,2,0.537619043
579,CHIOVIR,15,7.381889764,2.853209972,2000,2,1.048444666
579,EUONAME,5,2.460629921,0.951069991,2000,2,-0.050167622
579,FAGUGRA,6,3.937007874,2.662995974,2000,2,0.979451795
579,FRAX1S1,1,1.476377953,1.711925983,2000,2,0.537619043
579,JUNIVIR,5,2.460629921,0.951069991,2000,2,-0.050167622
579,MORURUB,1,1.476377953,1.711925983,2000,2,0.537619043
579,PINUVIR,1,10.33464567,83.88437317,2000,2,4.429439341
58,AMELARB,10,4.921259843,1.902139981,2000,2,0.642979558
58,EUONAME,10,4.921259843,1.902139981,2000,2,0.642979558
58,JUNIVIR,26,13.77952756,6.467275936,2000,2,1.86675499
58,PRUNSER,5,2.460629921,0.951069991,2000,2,-0.050167622
582,CARYTOM,6,3.937007874,2.662995974,2000,2,0.979451795
582,JUNIVIR,3,22.14566929,129.9161607,2000,2,4.866889325
582,VIBUPRU,5,2.460629921,0.951069991,2000,2,-0.050167622
583,CARYCOR,23,16.24015748,16.54861784,2000,2,2.806302584
583,CARYCOR,23,16.24015748,16.54861784,2000,2,2.806302584
583,CARYGLA,6,6.88976378,16.35840384,2000,2,2.794741762
583,OXYDARB,2,12.79527559,64.29233137,2000,2,4.163440361
585,EUONAME,5,2.460629921,0.951069991,1999,2,-0.050167622
585,JUNIVIR,1,1.476377953,1.711925983,1999,2,0.537619043
585,NYSSSYL,3,4.429133858,5.135777949,1999,2,1.636231331
585,PINUECH,1,67,3525.652355,1999,2,8.167820764
585,QUERALB,10,4.921259843,1.902139981,1999,2,0.642979558
585,ULMURUB,1,3.44488189,9.320485908,1999,2,2.232214763
59,JUNIVIR,2,2.952755906,3.423851966,2001,2,1.230766223
59,MORURUB,1,1.476377953,1.711925983,2001,2,0.537619043
59,ULMURUB,1,2.460629921,4.755349953,2001,2,1.55927029
59,VIBURAF,15,7.381889764,2.853209972,2001,2,1.048444666
6,ASIMPAR,1,1.476377953,1.711925983,2001,2,0.537619043
6,MORURUB,5,2.460629921,0.951069991,2001,2,-0.050167622
6,PRUNSER,5,2.460629921,0.951069991,2001,2,-0.050167622
6,QUERRUB,1,1.476377953,1.711925983,2001,2,0.537619043
6,QUERRUB,25,12.30314961,4.755349953,2001,2,1.55927029
6,ULMURUB,1,1.476377953,1.711925983,2001,2,0.537619043
60,ACERBAR,1,1.476377953,1.711925983,2000,2,0.537619043
60,CARYOVT,2,7.874015748,24.72781976,2001,2,3.207928916
60,CARYTOM,2,45.94488189,1427.945919,2001,2,7.26399227
60,FAGUGRA,1,2.460629921,4.755349953,2000,2,1.55927029
60,JUNIVIR,7,6.397637795,7.418345927,2000,2,2.003956111
60,JUNIVIR,3,4.429133858,5.135777949,2001,2,1.636231331
60,MORURUB,1,1.476377953,1.711925983,2000,2,0.537619043
60,QUERVEL,2,7.874015748,33.85809167,2001,2,3.522178016
60,ULMUAME,1,1.476377953,1.711925983,2001,2,0.537619043
60,VIBURAF,80,39.37007874,15.21711985,2000,2,2.7224211
608,CORNFLO,1,1.476377953,1.711925983,2001,2,0.537619043
608,PINUECH,3,10.33464567,46.22200154,2001,2,3.833455909
620,CARYOVT,2,11.81102362,58.20548343,2001,2,4.063979567
620,QUERRUB,3,8.366141732,20.3528978,2001,2,3.0132233
63,ACERBAR,1,3.44488189,9.320485908,2001,2,2.232214763
63,AESCSYL,1,1.476377953,1.711925983,2001,2,0.537619043
63,CERCCAN,5,2.460629921,0.951069991,2001,2,-0.050167622
63,JUNIVIR,1,1.476377953,1.711925983,2001,2,0.537619043
63,LIRITUL,1,1.476377953,1.711925983,2001,2,0.537619043
63,MORURUB,1,1.476377953,1.711925983,2001,2,0.537619043
63,PINUVIR,1,7.381889764,42.79814958,2001,2,3.756494868
63,QUERRUB,5,2.460629921,0.951069991,2001,2,-0.050167622
67,NYSSSYL,1,1.476377953,1.711925983,2001,2,0.537619043
67,PINUVIR,1,6.397637795,32.14616568,2001,2,3.47029318
67,QUERRUB,5,2.460629921,0.951069991,2001,2,-0.050167622
68,FRAX1S1,2,2.952755906,3.423851966,2001,2,1.230766223
68,JUNIVIR,10,4.921259843,1.902139981,2001,2,0.642979558
68,LIRITUL,6,3.937007874,2.662995974,2001,2,0.979451795
68,PRUNSER,1,1.476377953,1.711925983,2001,2,0.537619043
70,CORNFLO,1,1.476377953,1.711925983,2001,2,0.537619043
70,DIOSVIR,1,1.476377953,1.711925983,2001,2,0.537619043
70,FAGUGRA,5,2.460629921,0.951069991,2001,2,-0.050167622
70,ILEXDECD,2,2.952755906,3.423851966,2001,2,1.230766223
70,ILEXOPAO,1,1.476377953,1.711925983,2001,2,0.537619043
70,QUERPHE,1,1.476377953,1.711925983,2001,2,0.537619043
70,SMILROT,5,2.460629921,0.951069991,2001,2,-0.050167622
75,AMELARB,5,2.460629921,0.951069991,2001,2,-0.050167622
75,CHIOVIR,5,2.460629921,0.951069991,2001,2,-0.050167622
75,FAGUGRA,7,5.413385827,4.374921957,2001,2,1.475888681
75,PINUECH,1,48.5,1847.45283,2001,2,7.521563121
75,PINUTAE,1,37.5,1104.466167,2001,2,7.007117391
75,QUERVEL,8,6.88976378,6.08684794,2001,2,1.806130368
75,ULMUALA,2,2.952755906,3.423851966,2001,2,1.230766223
75,VIBURAF,5,2.460629921,0.951069991,2001,2,-0.050167622
77,CARYOVT,1,1.476377953,1.711925983,2000,2,0.537619043
78,CORNFLO,2,4.921259843,9.510699906,2000,2,2.252417471
78,JUNIVIR,1,1.476377953,1.711925983,2000,2,0.537619043
78,MORURUB,5,2.460629921,0.951069991,2000,2,-0.050167622
78,QUERRUB,10,4.921259843,1.902139981,2000,2,0.642979558
78,ULMURUB,5,2.460629921,0.951069991,2000,2,-0.050167622
8,DIOSVIR,1,1.476377953,1.711925983,2000,2,0.537619043
8,PRUNSER,5,2.460629921,0.951069991,2000,2,-0.050167622
9,FAGUGRA,1,2.460629921,4.755349953,2001,2,1.55927029
9,JUNIVIR,1,1.476377953,1.711925983,2001,2,0.537619043
9,LIRITUL,15,7.381889764,2.853209972,2001,2,1.048444666
9,PINUECH,1,45.5,1625.970548,2001,2,7.393860177
9,RUBUARG,5,2.460629921,0.951069991,2001,2,-0.050167622
925,JUNIVIR,6,3.937007874,2.662995974,2001,2,0.979451795
926,ILEXOPAO,5,2.460629921,0.951069991,2001,2,-0.050167622
926,QUERALB,5,2.460629921,0.951069991,2001,2,-0.050167622
926,QUERRUB,5,2.460629921,0.951069991,2001,2,-0.050167622
929,JUNIVIR,6,4.921259843,5.706419944,2001,2,1.741591847
929,ULMUAME,5,2.460629921,0.951069991,2001,2,-0.050167622
929,VACCCOR,5,2.460629921,0.951069991,2001,2,-0.050167622
93,CARYOVT,1,1.476377953,1.711925983,2001,2,0.537619043
93,CERCCAN,1,1.476377953,1.711925983,2001,2,0.537619043
93,ILEXDECD,2,2.952755906,3.423851966,2001,2,1.230766223
93,MORURUB,5,2.460629921,0.951069991,2001,2,-0.050167622
93,OSTRVIR,5,2.460629921,0.951069991,2001,2,-0.050167622
93,OXYDARB,1,1.476377953,1.711925983,2001,2,0.537619043
93,PRUNSER,1,1.476377953,1.711925983,2001,2,0.537619043
93,QUERALB,6,3.937007874,2.662995974,2001,2,0.979451795
93,QUERVEL,5,2.460629921,0.951069991,2001,2,-0.050167622
93,ULMUALA,2,9.842519685,56.68377144,2001,2,4.037487952
93,ULMURUB,1,2.460629921,4.755349953,2001,2,1.55927029
93,VACCCOR,10,4.921259843,1.902139981,2001,2,0.642979558
935,PINUVIR,1,2.460629921,4.755349953,2001,2,1.55927029
935,QUERRUB,1,1.476377953,1.711925983,2001,2,0.537619043
937,VIBUPRU,5,2.460629921,0.951069991,2001,2,-0.050167622
986,CELTOCC,1,3.44488189,9.320485908,1999,2,2.232214763
986,EUONAME,10,4.921259843,1.902139981,1999,2,0.642979558
986,MORURUB,33,19.19291339,10.84219789,1999,2,2.383445733
986,ULMURUB,13,9.350393701,7.037917931,1999,2,1.951312378
987,ACERBAR,1,1.476377953,1.711925983,1999,2,0.537619043
987,QUERRUB,1,1.476377953,1.711925983,1999,2,0.537619043
988,ACERBAR,5,11.31889764,29.86359771,1999,2,3.396640271
988,CARPCAR,1,1.476377953,1.711925983,1999,2,0.537619043
988,CELTOCC,2,2.952755906,3.423851966,1999,2,1.230766223
988,CHIOVIR,2,2.952755906,3.423851966,1999,2,1.230766223
988,NYSSSYL,2,8.858267717,44.51007556,1999,2,3.795715581
988,OSTRVIR,3,5.413385827,8.179201919,1999,2,2.101594581
1,CARYOVT,11,6.397637795,3.614065964,2000,3,1.284833444
1,CERCCAN,13,10.33464567,10.0813419,2000,3,2.310686379
1,LIRITUL,3,9.350393701,35.57001765,2000,3,3.571503082
1,MORURUB,8,7.874015748,9.13027191,2000,3,2.211595476
1,NYSSSYL,8,21.65354331,50.21649551,2000,3,3.916343568
1,QUERVEL,3,17.22440945,96.43849705,2000,3,4.568905469
1,SASSALB,5,10.33464567,17.68990183,2000,3,2.872993958
1,VIBURUF,27,20.17716535,15.78776184,2000,3,2.759235073
11,CARYTOM,3,36.90944882,361.2163824,2001,3,5.889477176
11,CORNFLO,28,23.62204724,23.58653577,2001,3,3.160676031
11,QUERALB,15,253.7480315,6769.476761,2001,3,8.820179075
12,DIOSVIR,6,3.937007874,2.662995974,2000,3,0.979451795
12,VIBUACE,10,4.921259843,1.902139981,2000,3,0.642979558
12,VIBURAF,185,91.04330709,35.18958965,2000,3,3.56075029
14,CERCCAN,16,16.73228346,21.30396779,2000,3,3.058893337
14,FRAX1S1,21,19.19291339,22.25503778,2000,3,3.1025684
14,LIRITUL,6,52.46062992,1964.446478,2000,3,7.582965794
14,MORURUB,3,9.350393701,35.57001765,2000,3,3.571503082
14,QUERRUB,1,3.44488189,9.320485908,2000,3,2.232214763
14,VIBURAF,361,178.6417323,70.18896531,2000,3,4.251191109
17,CHIOVIR,11,11.31889764,11.22262589,2001,3,2.417931909
17,CORNFLO,5,10.33464567,17.68990183,2001,3,2.872993958
17,MORURUB,1,1.476377953,1.711925983,2001,3,0.537619043
17,PRUNSER,3,4.429133858,5.135777949,2001,3,1.636231331
17,QUERSTE,1,7.381889764,42.79814958,2001,3,3.756494868
17,VIBUPRU,22,12.79527559,7.228131929,2001,3,1.977980625
18,CARYGLA,1,13.28740157,138.6660046,2001,3,4.932068197
18,CARYTOM,2,17.71653543,132.7693707,2001,3,4.888613568
18,LIRITUL,1,54.5,2332.828895,2001,3,7.754836928
2,AMELARB,5,2.460629921,0.951069991,2000,3,-0.050167622
2,CARYGLA,1,12.30314961,118.8837488,2000,3,4.778146115
2,CORNFLO,10,11.81102362,15.59754785,2000,3,2.747113713
2,JUNIVIR,25,19.19291339,18.45075782,2000,3,2.915105444
2,LIRITUL,1,13.28740157,138.6660046,2000,3,4.932068197
2,PINUTAE,1,9.350393701,68.66725332,2000,3,4.229272424
2,QUERCOC,1,37,1075.210086,2000,3,6.98027135
2,QUERRUB,1,62,3019.07054,2000,3,8.012704295
21,CORNFLO,22,13.77952756,10.2715559,2001,3,2.329378512
21,PRUNSER,2,2.952755906,3.423851966,2001,3,1.230766223
21,SASSALB,13,20.17716535,35.95044565,2001,3,3.58214148
25,CARYGLA,16,15.7480315,57.82505543,2000,3,4.057422167
25,CARYOVT,2,7.874015748,24.72781976,2000,3,3.207928916
25,FAGUGRA,12,18.7007874,95.10699906,2000,3,4.555002564
25,VIBURAF,90,44.29133858,17.11925983,2000,3,2.840204136
26,CARYOVT,1,2.460629921,4.755349953,2001,3,1.55927029
26,NYSSSYL,1,2.460629921,4.755349953,2001,3,1.55927029
26,OXYDARB,12,7.874015748,5.325991948,2001,3,1.672598975
26,PRUNSER,5,2.460629921,0.951069991,2001,3,-0.050167622
26,QUERVEL,2,18.7007874,138.8562186,2001,3,4.933438999
26,VITIROT,5,2.460629921,0.951069991,2001,3,-0.050167622
29,ACERRUBR,35,17.22440945,6.657489934,2001,3,1.895742527
29,FRAX1S1,1,1.476377953,1.711925983,2001,3,0.537619043
29,LIQUSTY,37,20.17716535,10.0813419,2001,3,2.310686379
29,LIRITUL,15,7.381889764,2.853209972,2001,3,1.048444666
29,NYSSSYL,2,39.47637795,1135.826874,2001,3,7.035116188
29,OXYDARB,6,3.937007874,2.662995974,2001,3,0.979451795
29,PRUNSER,11,6.397637795,3.614065964,2001,3,1.284833444
29,QUERALB,25,12.30314961,4.755349953,2001,3,1.55927029
29,VIBURAF,35,17.22440945,6.657489934,2001,3,1.895742527
30,LIQUSTY,25,12.30314961,4.755349953,2001,3,1.55927029
30,NYSSSYL,5,26.08267717,163.7742524,2001,3,5.09848897
30,VIBURAF,5,2.460629921,0.951069991,2001,3,-0.050167622
31,CARYTOM,16,15.7480315,57.82505543,2001,3,4.057422167
31,CORNFLO,130,109.2519685,128.2042347,2001,3,4.853624576
31,QUERRUB,18,20.66929134,29.29295571,2001,3,3.377347068
31,QUERSTE,1,36,1017.87602,2001,3,6.925473402
31,VIBURAF,195,95.96456693,37.09172963,2001,3,3.613394024
34,CARYGLA,5,22.14566929,89.21036512,2001,3,4.490997234
34,CORNFLO,2,3.937007874,6.467275936,2001,3,1.86675499
34,DIOSVIR,1,2.460629921,4.755349953,2001,3,1.55927029
34,FAGUGRA,2,2.952755906,3.423851966,2001,3,1.230766223
34,ILEXDECD,2,2.952755906,3.423851966,2001,3,1.230766223
34,QUERPHE,1,12.30314961,118.8837488,2001,3,4.778146115
34,ULMUALA,8,16.73228346,38.04279963,2001,3,3.638711832
34,VIBURAF,35,17.22440945,6.657489934,2001,3,1.895742527
35,CARYGLA,6,6.88976378,16.35840384,2001,3,2.794741762
35,JUNIVIR,5,8.366141732,11.60305389,2001,3,2.451268329
35,QUERPHE,11,6.397637795,3.614065964,2001,3,1.284833444
36,CARYGLA,2,11.81102362,55.16205946,2001,3,4.010275388
36,FAGUGRA,3,11.31889764,43.17857757,2001,3,3.765344483
36,LIRITUL,2,49.91338583,1578.300607,2001,3,7.364103982
36,NYSSSYL,4,13.77952756,50.9773515,2001,3,3.931381446
36,ULMUALA,1,5.413385827,23.01589377,2001,3,3.136185011
36,VIBURAF,10,4.921259843,1.902139981,2001,3,0.642979558
41,CARYGLA,3,17.22440945,99.48192102,2001,3,4.599975929
41,CARYOVT,11,11.31889764,34.04830566,2001,3,3.527780271
41,JUNIVIR,25,53.64173228,187.3607882,2001,3,5.233036106
41,LIQUSTY,3,15.25590551,79.69966521,2001,3,4.378265385
41,QUERPHE,1,3.44488189,9.320485908,2001,3,2.232214763
41,QUERRUB,8,21.65354331,68.47703933,2001,3,4.226498497
41,QUERVEL,16,15.7480315,18.26054382,2001,3,2.904742657
41,ULMUALA,34,30.51181102,36.90151564,2001,3,3.608252624
41,ULMUAME,10,12.79527559,18.64097182,2001,3,2.925361944
41,VACCSTA,5,2.460629921,0.951069991,2001,3,-0.050167622
41,VIBURAF,160,78.74015748,30.4342397,2001,3,3.415568281
41,VITIROT,5,2.460629921,0.951069991,2001,3,-0.050167622
42,CARYTOM,11,12.30314961,44.70028956,2000,3,3.799979979
42,CERCCAN,1,1.476377953,1.711925983,2000,3,0.537619043
42,FAGUGRA,1,1.476377953,1.711925983,2000,3,0.537619043
42,JUNIVIR,14,13.77952756,19.40182781,2000,3,2.965367279
42,QUERRUB,17,16.24015748,35.18958965,2000,3,3.56075029
43,CORNFLO,8,15.7480315,25.86910375,2001,3,3.253049351
43,JUNIVIR,16,60.03937008,216.0831019,2001,3,5.375663065
43,NYSSSYL,7,8.366141732,18.07032982,2001,3,2.894271357
43,PINUTAE,4,127.0905512,4305.688237,2001,3,8.367692273
43,VITIROT,5,2.460629921,0.951069991,2001,3,-0.050167622
44,CARYOVT,5,2.460629921,0.951069991,2001,3,-0.050167622
44,FRAX1S1,2,5.905511811,14.07583586,2001,3,2.644459559
44,JUNIVIR,9,10.33464567,13.88562186,2001,3,2.630853906
44,NYSSSYL,4,7.874015748,14.45626386,2001,3,2.671127806
44,QUERFAL,20,9.842519685,3.804279963,2001,3,1.336126739
44,QUERVEL,10,4.921259843,1.902139981,2001,3,0.642979558
44,TOXIRAD,5,2.460629921,0.951069991,2001,3,-0.050167622
44,ULMUALA,16,11.81102362,18.26054382,2001,3,2.904742657
49,CARYOVT,1,1.476377953,1.711925983,2001,3,0.537619043
49,CORNFLO,13,10.33464567,10.0813419,2001,3,2.310686379
49,FRAX1S1,3,15.25590551,67.52596933,2001,3,4.212512255
49,NYSSSYL,5,10.33464567,17.68990183,2001,3,2.872993958
49,QUERALB,1,1.476377953,1.711925983,2001,3,0.537619043
50,CARPCAR,1,2.460629921,4.755349953,2001,3,1.55927029
50,CORNFLO,4,6.88976378,9.891127903,2001,3,2.291638184
50,FAGUGRA,9,8.366141732,7.798773923,2001,3,2.053966532
50,ILEXDECD,5,8.366141732,11.60305389,2001,3,2.451268329
501,CERCCAN,38,31.49606299,27.01038773,1999,3,3.296221523
501,CHIOVIR,5,2.460629921,0.951069991,1999,3,-0.050167622
503,CARYALB,12,14.76377953,58.58591142,1999,3,4.070494248
503,CARYOVT,2,19.68503937,152.5516265,1999,3,5.027503073
503,CERCCAN,5,12.30314961,32.90702168,1999,3,3.49368606
503,FRAX1S1,7,31.98818898,130.6770167,1999,3,4.872728758
503,QUERALB,1,37,1075.210086,1999,3,6.98027135
503,ULMUALA,5,14.27165354,52.68927748,1999,3,3.964411971
503,VIBURAF,65,31.98818898,12.36390988,1999,3,2.514781735
504,ACERRUBR,1,3.44488189,9.320485908,1999,3,2.232214763
504,CARYALB,18,19.68503937,74.94431526,1999,3,4.316745375
504,OSTRVIR,2,5.905511811,14.07583586,1999,3,2.644459559
504,PRUNSER,12,12.79527559,12.93455187,1999,3,2.55990217
504,VIBUPRU,16,8.858267717,4.565135955,1999,3,1.518448296
505,ACERRUBR,32,22.63779528,16.73883184,1999,3,2.81773128
505,FAGUGRA,19,32.97244094,59.91740941,1999,3,4.092967104
505,LIQUSTY,13,23.12992126,107.4709089,1999,3,4.677220196
505,LIRITUL,2,48.42913386,1535.938178,1999,3,7.336896664
505,VIBURUF,21,11.31889764,5.516205946,1999,3,1.707690295
506,CORNFLO,27,15.25590551,8.179201919,1999,3,2.101594581
506,NYSSSYL,3,9.350393701,26.43974574,1999,3,3.274868398
506,OXYDARB,1,36,1017.87602,1999,3,6.925473402
506,VIBURAF,20,9.842519685,3.804279963,1999,3,1.336126739
508,ACERRUBR,33,23.12992126,32.14616568,1999,3,3.47029318
508,CARYOVT,2,18.7007874,138.8562186,1999,3,4.933438999
508,JUGLNIG,16,8.858267717,4.565135955,1999,3,1.518448296
508,NYSSSYL,2,41.42913386,1090.61742,1999,3,6.994499255
508,VIBUACE,20,9.842519685,3.804279963,1999,3,1.336126739
509,HAMAVIR,60,29.52755906,11.41283989,1999,3,2.434739028
509,LIRITUL,5,2.460629921,0.951069991,1999,3,-0.050167622
51,CARYTOM,6,21.65354331,72.66174728,2001,3,4.285815074
51,CORNFLO,4,10.82677165,25.10824775,2001,3,3.223196388
51,QUERFAL,2,5.905511811,17.11925983,2001,3,2.840204136
51,QUERVEL,15,19.19291339,45.46114555,2001,3,3.816858017
51,ULMUALA,3,5.413385827,8.179201919,2001,3,2.101594581
513,CORNFLO,8,8.858267717,13.69540787,2001,3,2.617060584
513,FRAX1S1,3,10.33464567,32.52659368,2001,3,3.482058022
513,JUNIVIR,30,26.57480315,40.7057956,2001,3,3.70637048
513,LIQUSTY,1,3.44488189,9.320485908,2001,3,2.232214763
513,PINUVIR,7,27.06692913,139.8072886,2001,3,4.940264965
519,CARYOVT,2,5.905511811,14.07583586,2000,3,2.644459559
519,FRAX1S1,6,6.88976378,16.35840384,2000,3,2.794741762
519,LIQUSTY,2,17.71653543,132.7693707,2000,3,4.888613568
519,NYSSSYL,15,31.98818898,142.8507126,2000,3,4.961800117
519,OXYDARB,1,8.366141732,54.97184546,2000,3,4.006821153
519,VITIROT,1,1.476377953,1.711925983,2000,3,0.537619043
523,ACERBAR,5,2.460629921,0.951069991,2000,3,-0.050167622
523,LONIJAP,5,2.460629921,0.951069991,2000,3,-0.050167622
523,ULMUALA,1,1.476377953,1.711925983,2000,3,0.537619043
523,VITIROT,1,1.476377953,1.711925983,2000,3,0.537619043
524,ILEXDECD,3,4.429133858,5.135777949,2001,3,1.636231331
524,JUGLNIG,1,2.460629921,4.755349953,2001,3,1.55927029
524,PASSINC,10,4.921259843,1.902139981,2001,3,0.642979558
524,QUERALB,1,49,1885.74099,2001,3,7.542076121
524,QUERRUB,1,9.350393701,68.66725332,2001,3,4.229272424
524,VIBUPRU,20,9.842519685,3.804279963,2001,3,1.336126739
524,VITIROT,15,7.381889764,2.853209972,2001,3,1.048444666
525,CARYALB,3,7.381889764,15.78776184,1999,3,2.759235073
525,CARYGLA,2,4.921259843,9.510699906,1999,3,2.252417471
525,CARYOVT,3,12.30314961,52.30884948,1999,3,3.957165563
525,OXYDARB,4,14.76377953,61.62933539,1999,3,4.121137981
525,PINUECH,1,9.350393701,68.66725332,1999,3,4.229272424
525,QUERALB,2,9.842519685,47.55349953,1999,3,3.861855383
525,ULMUALA,1,5.413385827,23.01589377,1999,3,3.136185011
525,VIBUACE,5,2.460629921,0.951069991,1999,3,-0.050167622
526,CARYCOR,5,2.460629921,0.951069991,1999,3,-0.050167622
526,CARYCOR,15,7.381889764,2.853209972,1999,3,1.048444666
526,CORNFLO,14,19.68503937,48.31435552,1999,3,3.877728732
526,LIQUSTY,2,10.82677165,59.72719541,1999,3,4.089787451
526,SASSALB,2,9.842519685,41.46665159,1999,3,3.724889528
528,ACERRUBR,2,8.858267717,30.8146677,1999,3,3.427990801
528,FRAX1S1,2,4.921259843,11.03241189,1999,3,2.400837476
528,PRUNSER,1,5.413385827,23.01589377,1999,3,3.136185011
528,QUERRUB,1,4.429133858,15.40733385,1999,3,2.73484362
531,CERCCAN,1,2.460629921,4.755349953,1999,3,1.55927029
531,NYSSSYL,25,27.06692913,53.45013347,1999,3,3.978749135
531,VIBURAF,5,2.460629921,0.951069991,1999,3,-0.050167622
532,ACERBAR,24,17.71653543,18.26054382,1999,3,2.904742657
532,FAGUGRA,61,36.90944882,23.77674977,1999,3,3.168708203
532,LIRITUL,22,74.27165354,2846.645002,1999,3,7.953896388
532,NYSSSYL,31,36.90944882,69.80853731,1999,3,4.245756313
537,CARPCAR,7,12.30314961,18.07032982,2001,3,2.894271357
537,CORNFLO,11,6.397637795,3.614065964,2001,3,1.284833444
537,FRAX1S1,1,1.476377953,1.711925983,2001,3,0.537619043
537,LIQUSTY,2,10.82677165,70.37917931,2001,3,4.253897471
537,OSTRVIR,14,10.82677165,8.749843914,2001,3,2.169035862
537,PRUNSER,13,9.350393701,7.037917931,2001,3,1.951312378
537,QUERRUB,1,35.5,989.7980354,2001,3,6.897500918
537,ULMUAME,1,1.476377953,1.711925983,2001,3,0.537619043
539,CARYCOR,10,4.921259843,1.902139981,2000,3,0.642979558
539,JUNIVIR,3,13.28740157,47.74371353,2000,3,3.865847404
539,NYSSSYL,11,8.366141732,11.22262589,2000,3,2.417931909
539,OXYDARB,1,1.476377953,1.711925983,2000,3,0.537619043
539,QUERFAL,1,10.33464567,83.88437317,2000,3,4.429439341
539,QUERRUB,1,1.476377953,1.711925983,2000,3,0.537619043
539,VIBURAF,20,9.842519685,3.804279963,2000,3,1.336126739
54,CARYTOM,11,6.397637795,3.614065964,2000,3,1.284833444
54,CERCCAN,5,2.460629921,0.951069991,2000,3,-0.050167622
54,FRAX1S1,10,4.921259843,1.902139981,2000,3,0.642979558
54,PINUECH,1,39,1194.590607,2000,3,7.085558817
54,QUERRUB,7,10.33464567,28.72231372,2000,3,3.357674302
541,ILEXDECD,3,4.429133858,5.135777949,2000,3,1.636231331
541,JUNIVIR,4,11.81102362,31.19509569,2000,3,3.440260893
542,AESCSYL,10,4.921259843,1.902139981,2000,3,0.642979558
542,CARPCAR,6,9.842519685,13.31497987,2000,3,2.588889707
542,CARYTOM,9,26.08267717,73.23238928,2000,3,4.2936378
542,CERCCAN,11,6.397637795,3.614065964,2000,3,1.284833444
542,FRAX1S1,5,15.25590551,38.99386962,2000,3,3.663404444
542,MORURUB,17,15.25590551,27.58102973,2000,3,3.317128208
542,NYSSSYL,6,11.81102362,20.92353979,2000,3,3.040874831
542,OSTRVIR,45,27.06692913,16.16818984,2000,3,2.783045722
542,PINUTAE,7,25.0984252,91.1125051,2000,3,4.512095063
542,PRUNSER,11,22.14566929,38.61344162,2000,3,3.653600444
542,QUERFAL,9,12.30314961,19.9724698,2000,3,2.994354815
542,QUERRUB,5,20.17716535,67.90639733,2000,3,4.218130247
542,VIBURAF,135,66.43700787,25.67888975,2000,3,3.245669244
547,CARYGLA,1,2.460629921,4.755349953,2000,3,1.55927029
547,CARYTOM,1,2.460629921,4.755349953,2000,3,1.55927029
547,CERCCAN,5,2.460629921,0.951069991,2000,3,-0.050167622
547,JUNIVIR,1,10.33464567,83.88437317,2000,3,4.429439341
547,LIQUSTY,7,17.22440945,92.63421709,2000,3,4.528658588
547,PINUECH,6,108.4173228,2330.203309,2000,3,7.7537108
547,ULMUALA,1,4.429133858,15.40733385,2000,3,2.73484362
55,NYSSSYL,2,10.82677165,47.55349953,2000,3,3.861855383
55,OXYDARB,2,5.905511811,14.07583586,2000,3,2.644459559
55,PINUECH,1,39.5,1225.417484,2000,3,7.111036869
55,ULMUALA,3,19.19291339,110.1339049,2000,3,4.701696943
55,VIBURAF,5,2.460629921,0.951069991,2000,3,-0.050167622
553,ACERBAR,3,4.429133858,5.135777949,2001,3,1.636231331
553,CARYCOR,6,3.937007874,2.662995974,2001,3,0.979451795
553,CERCCAN,7,5.413385827,4.374921957,2001,3,1.475888681
553,ILEXDECD,2,2.952755906,3.423851966,2001,3,1.230766223
553,ILEXOPAO,20,9.842519685,3.804279963,2001,3,1.336126739
553,JUNIVIR,1,4.429133858,15.40733385,2001,3,2.73484362
553,QUERALB,15,7.381889764,2.853209972,2001,3,1.048444666
553,QUERPHE,1,9.350393701,68.66725332,2001,3,4.229272424
553,QUERRUB,21,13.28740157,13.12476587,2001,3,2.57450097
553,ULMUALA,1,4.429133858,15.40733385,2001,3,2.73484362
556,FRAX1S1,10,16.73228346,41.46665159,2000,3,3.724889528
556,LIQUSTY,3,10.33464567,32.52659368,2000,3,3.482058022
556,PINUTAE,9,402.5,14281.09115,2000,3,9.566691644
557,CARYOVT,5,2.460629921,0.951069991,2000,3,-0.050167622
557,FRAX1S1,10,4.921259843,1.902139981,2000,3,0.642979558
557,PRUNSER,5,2.460629921,0.951069991,2000,3,-0.050167622
557,QUERRUB,1,12.30314961,118.8837488,2000,3,4.778146115
56,JUNIVIR,22,22.63779528,31.57552369,2001,3,3.452382254
56,QUERNIG,8,20.66929134,53.25991948,2001,3,3.975184068
56,RHODPER,15,7.381889764,2.853209972,2001,3,1.048444666
560,CARPCAR,28,18.7007874,17.49968783,2000,3,2.862183042
560,CARYOVT,10,4.921259843,1.902139981,2000,3,0.642979558
560,DIOSVIR,1,3.44488189,9.320485908,2000,3,2.232214763
560,ILEXOPAO,5,2.460629921,0.951069991,2000,3,-0.050167622
560,OXYDARB,2,4.921259843,9.510699906,2000,3,2.252417471
560,ULMUALA,32,17.71653543,9.13027191,2000,3,2.211595476
560,VIBUACE,20,9.842519685,3.804279963,2000,3,1.336126739
562,FAGUGRA,8,6.88976378,6.08684794,1999,3,1.806130368
562,FRAX1S1,4,7.874015748,12.93455187,1999,3,2.55990217
562,OSTRVIR,1,3.44488189,9.320485908,1999,3,2.232214763
562,QUERALB,4,6.88976378,9.891127903,1999,3,2.291638184
562,QUERALB,1,1.476377953,1.711925983,1999,3,0.537619043
562,QUERPHE,1,3.44488189,9.320485908,1999,3,2.232214763
562,QUERRUB,2,3.937007874,6.467275936,1999,3,1.86675499
564,DIOSVIR,4,6.88976378,9.891127903,2000,3,2.291638184
564,LIRITUL,12,8.858267717,8.369415918,2000,3,2.124584099
564,NYSSSYL,9,10.33464567,13.88562186,2000,3,2.630853906
564,RHUSCOP,15,7.381889764,2.853209972,2000,3,1.048444666
564,ULMUALA,17,17.22440945,19.9724698,2000,3,2.994354815
564,VIBURAF,15,7.381889764,2.853209972,2000,3,1.048444666
569,CARYOVT,1,1.476377953,1.711925983,2001,3,0.537619043
569,FAGUGRA,16,16.73228346,22.82567978,2001,3,3.127886208
569,FRAX1S1,3,14.27165354,66.00425735,2001,3,4.189719245
569,OXYDARB,1,2.460629921,4.755349953,2001,3,1.55927029
570,CERCCAN,3,8.366141732,21.87460978,1999,3,3.085326594
570,FRAX1S1,3,10.33464567,32.52659368,1999,3,3.482058022
570,PINUECH,1,53,2206.183441,1999,3,7.699019352
574,CARYGLA,6,4.921259843,5.706419944,2000,3,1.741591847
574,CARYOVT,6,10.82677165,55.92291545,2000,3,4.023974233
574,CARYTOM,10,4.921259843,1.902139981,2000,3,0.642979558
574,CHIOVIR,25,12.30314961,4.755349953,2000,3,1.55927029
574,FRAX1S1,5,2.460629921,0.951069991,2000,3,-0.050167622
574,JUNIVIR,3,10.33464567,34.04830566,2000,3,3.527780271
574,NYSSSYL,29,20.17716535,17.68990183,2000,3,2.872993958
576,CARYOVT,5,2.460629921,0.951069991,2000,3,-0.050167622
576,MORURUB,6,3.937007874,2.662995974,2000,3,0.979451795
577,CERCCAN,11,6.397637795,3.614065964,2000,3,1.284833444
577,QUERRUB,16,11.81102362,18.26054382,2000,3,2.904742657
578,CARPCAR,16,27.55905512,88.25929513,2000,3,4.480279018
578,FRAX1S1,13,9.350393701,7.037917931,2000,3,1.951312378
578,VITIROT,1,4.429133858,15.40733385,2000,3,2.73484362
579,LIRITUL,2,50.96062992,1852.20818,2000,3,7.524133817
579,OXYDARB,11,51.67322835,248.6096956,2000,3,5.515884179
579,PINUECH,2,80,2527.41129,2000,3,7.834950852
579,PRUNSER,1,1.476377953,1.711925983,2000,3,0.537619043
579,QUERFAL,1,47.5,1772.054606,2000,3,7.479894947
579,QUERRUB,8,56.38188976,1897.724472,2000,3,7.548410801
579,QUERSTE,2,21.65354331,193.6378501,2000,3,5.265989662
58,ACERBAR,55,27.06692913,10.4617699,2000,3,2.347727651
58,CARYGLA,1,8.366141732,54.97184546,2000,3,4.006821153
58,PINUECH,1,11.31889764,100.623205,2000,3,4.611382897
58,QUERVEL,5,2.460629921,0.951069991,2000,3,-0.050167622
582,ACERRUBR,1,1.476377953,1.711925983,2000,3,0.537619043
582,AESCSYL,5,2.460629921,0.951069991,2000,3,-0.050167622
582,ASIMPAR,25,12.30314961,4.755349953,2000,3,1.55927029
582,CARYCOR,7,5.413385827,4.374921957,2000,3,1.475888681
582,CARYOVT,1,1.476377953,1.711925983,2000,3,0.537619043
582,CERCCAN,7,34.94094488,144.3724246,2000,3,4.972396243
582,QUERRUB,4,5.905511811,6.847703933,2000,3,1.923913404
582,ULMUALA,13,21.16141732,38.99386962,2000,3,3.663404444
583,CERCCAN,17,10.33464567,6.277061938,2000,3,1.836902027
583,FAGUGRA,6,8.858267717,33.09723567,2000,3,3.499449765
583,JUNIVIR,12,29.52755906,128.5846627,2000,3,4.856587541
583,NYSSSYL,18,18.7007874,52.11863549,2000,3,3.953522572
583,OSTRVIR,7,6.397637795,7.418345927,2000,3,2.003956111
583,PRUNSER,6,3.937007874,2.662995974,2000,3,0.979451795
583,QUERALB,1,8.366141732,54.97184546,2000,3,4.006821153
583,ULMUALA,1,8.366141732,54.97184546,2000,3,4.006821153
585,CARYGLA,2,38.46062992,1022.63137,1999,3,6.930134359
585,PINUVIR,6,40.46062992,1135.066018,1999,3,7.034446094
585,ULMUALA,4,13.77952756,49.45563951,1999,3,3.901076096
59,ACERBAR,6,3.937007874,2.662995974,2001,3,0.979451795
59,CARYTOM,7,48.90551181,1462.47276,2001,3,7.287883953
59,CORNFLO,2,6.88976378,20.1626838,2001,3,3.003833559
59,FAGUGRA,1,2.460629921,4.755349953,2001,3,1.55927029
59,OXYDARB,2,5.905511811,17.11925983,2001,3,2.840204136
59,QUERALB,8,9.842519685,15.21711985,2001,3,2.7224211
59,QUERFAL,1,11.31889764,100.623205,2001,3,4.611382897
59,QUERRUB,7,16.24015748,78.93880922,2001,3,4.368672986
59,QUERSTE,1,7.381889764,42.79814958,2001,3,3.756494868
59,QUERVEL,1,6.397637795,32.14616568,2001,3,3.47029318
59,ULMUALA,4,8.858267717,17.49968783,2001,3,2.862183042
6,CARYGLA,3,19.19291339,114.6990409,2001,3,4.742311662
6,CORNFLO,6,3.937007874,2.662995974,2001,3,0.979451795
6,JUNIVIR,1,1.476377953,1.711925983,2001,3,0.537619043
6,QUERSTE,1,8.366141732,54.97184546,2001,3,4.006821153
6,QUERVEL,15,7.381889764,2.853209972,2001,3,1.048444666
60,CARYOVT,2,7.874015748,24.72781976,2000,3,3.207928916
60,CORNFLO,13,12.30314961,17.68990183,2000,3,2.872993958
60,CORNFLO,1,1.476377953,1.711925983,2001,3,0.537619043
60,FRAX1S1,9,50.68897638,268.0115234,2000,3,5.591029977
60,OXYDARB,2,5.905511811,17.11925983,2000,3,2.840204136
60,QUERALB,7,34.94094488,158.0678324,2000,3,5.06302426
60,QUERFAL,1,11.31889764,100.623205,2001,3,4.611382897
60,QUERRUB,16,25.59055118,69.99875131,2000,3,4.248477403
60,ULMUALA,7,13.28740157,22.63546578,2000,3,3.119517958
60,VIBURAF,30,14.76377953,5.706419944,2001,3,1.741591847
608,PINUVIR,19,44.78346457,122.3076008,2001,3,4.80653919
620,CARPCAR,27,15.25590551,8.179201919,2001,3,2.101594581
620,CARYCOR,1,10.33464567,83.88437317,2001,3,4.429439341
620,CORNFLO,1,1.476377953,1.711925983,2001,3,0.537619043
620,DIOSVIR,1,2.460629921,4.755349953,2001,3,1.55927029
620,FRAX1S1,3,6.397637795,11.22262589,2001,3,2.417931909
620,LIRITUL,1,1.476377953,1.711925983,2001,3,0.537619043
620,OXYDARB,1,5.413385827,23.01589377,2001,3,3.136185011
620,PAULTOM,1,1.476377953,1.711925983,2001,3,0.537619043
620,PINUECH,2,18.7007874,137.3345066,2001,3,4.922419604
620,QUERSTE,1,51,2042.820623,2001,3,7.62208679
620,RUBUARG,5,2.460629921,0.951069991,2001,3,-0.050167622
620,VIBURAF,95,46.7519685,18.07032982,2001,3,2.894271357
63,CARYOVT,11,9.350393701,17.30947383,2001,3,2.851253972
63,CARYTOM,11,11.31889764,34.04830566,2001,3,3.527780271
63,FRAX1S1,15,7.381889764,2.853209972,2001,3,1.048444666
63,NYSSSYL,2,8.858267717,32.33637968,2001,3,3.476192902
63,OXYDARB,24,24.60629921,62.39019139,2001,3,4.133408074
67,ACERBAR,1,4.429133858,15.40733385,2001,3,2.73484362
67,CARYOVT,7,12.30314961,48.50456952,2001,3,3.88165801
67,CORNFLO,12,8.858267717,8.369415918,2001,3,2.124584099
67,FAGUGRA,17,10.33464567,6.277061938,2001,3,1.836902027
67,JUNIVIR,71,112.6968504,229.5882957,2001,3,5.436287686
67,QUERSTE,2,88.5,3075.815557,2001,3,8.031325367
67,QUERVEL,6,6.88976378,16.35840384,2001,3,2.794741762
68,CARYTOM,6,3.937007874,2.662995974,2001,3,0.979451795
68,FAGUGRA,17,10.33464567,6.277061938,2001,3,1.836902027
68,QUERRUB,10,4.921259843,1.902139981,2001,3,0.642979558
70,JUNIVIR,9,17.22440945,29.10274171,2001,3,3.370832387
70,NYSSSYL,26,28.54330709,77.98773923,2001,3,4.356551625
70,VACCCOR,5,2.460629921,0.951069991,2001,3,-0.050167622
75,JUNIVIR,62,37.4015748,22.44525178,2001,3,3.11107909
75,VITIROT,5,2.460629921,0.951069991,2001,3,-0.050167622
77,ACERBAR,3,8.366141732,26.43974574,2000,3,3.274868398
77,CARYTOM,26,13.77952756,6.467275936,2000,3,1.86675499
77,FAGUGRA,2,3.937007874,6.467275936,2000,3,1.86675499
77,JUNIVIR,27,29.03543307,55.35227345,2000,3,4.013717732
77,LIRITUL,1,8.366141732,54.97184546,2000,3,4.006821153
77,NYSSSYL,2,2.952755906,3.423851966,2000,3,1.230766223
77,PLATOCC,2,11.81102362,58.20548343,2000,3,4.063979567
78,CERCCAN,2,3.937007874,6.467275936,2000,3,1.86675499
78,FAGUGRA,11,6.397637795,3.614065964,2000,3,1.284833444
78,FRAX1S1,2,12.79527559,102.335131,2000,3,4.628253025
78,OXYDARB,1,9.350393701,68.66725332,2000,3,4.229272424
78,ULMUALA,3,8.366141732,21.87460978,2000,3,3.085326594
78,VIBUPRU,5,2.460629921,0.951069991,2000,3,-0.050167622
8,CORNFLO,9,9.350393701,10.84219789,2000,3,2.383445733
8,NYSSSYL,23,35.92519685,68.28682533,2000,3,4.223716854
8,QUERRUB,11,6.397637795,3.614065964,2000,3,1.284833444
9,CARYGLA,8,21.65354331,156.7363345,2001,3,5.054564995
9,CARYOVT,2,9.842519685,41.46665159,2001,3,3.724889528
9,CARYTOM,22,22.63779528,106.139411,2001,3,4.664753428
9,CERCCAN,5,2.460629921,0.951069991,2001,3,-0.050167622
9,PRUNSER,11,7.381889764,6.657489934,2001,3,1.895742527
9,QUERRUB,1,3.44488189,9.320485908,2001,3,2.232214763
9,QUERSTE,1,55.5,2419.222693,2001,3,7.791201566
9,QUERVEL,1,48,1809.557368,2001,3,7.500837547
9,VITIROT,5,2.460629921,0.951069991,2001,3,-0.050167622
925,CARYGLA,2,8.858267717,36.90151564,2001,3,3.608252624
925,CORNFLO,5,14.27165354,34.42873366,2001,3,3.538891497
925,FAGUGRA,5,2.460629921,0.951069991,2001,3,-0.050167622
925,OXYDARB,1,4.429133858,15.40733385,2001,3,2.73484362
925,QUERALB,1,2.460629921,4.755349953,2001,3,1.55927029
925,QUERRUB,10,4.921259843,1.902139981,2001,3,0.642979558
925,QUERVEL,2,4.921259843,11.03241189,2001,3,2.400837476
925,ULMUALA,3,4.429133858,5.135777949,2001,3,1.636231331
925,VIBURAF,55,27.06692913,10.4617699,2001,3,2.347727651
926,CARYGLA,1,7.381889764,42.79814958,2001,3,3.756494868
926,FRAX1S1,3,6.397637795,11.22262589,2001,3,2.417931909
926,VIBURAF,15,7.381889764,2.853209972,2001,3,1.048444666
929,FAGUGRA,7,5.413385827,4.374921957,2001,3,1.475888681
929,ILEXDECD,5,2.460629921,0.951069991,2001,3,-0.050167622
929,NYSSSYL,1,3.44488189,9.320485908,2001,3,2.232214763
929,OSTRVIR,10,4.921259843,1.902139981,2001,3,0.642979558
929,OXYDARB,1,1.476377953,1.711925983,2001,3,0.537619043
929,QUERFAL,1,1.476377953,1.711925983,2001,3,0.537619043
929,QUERVEL,1,1.476377953,1.711925983,2001,3,0.537619043
929,VIBURAF,25,12.30314961,4.755349953,2001,3,1.55927029
93,CARYGLA,13,11.31889764,14.64647786,2001,3,2.684199887
93,CARYTOM,1,8.366141732,54.97184546,2001,3,4.006821153
93,FAGUGRA,8,17.71653543,83.69415918,2001,3,4.427169192
93,ILEXOPAO,1,4.429133858,15.40733385,2001,3,2.73484362
93,JUNIVIR,11,14.27165354,21.87460978,2001,3,3.085326594
93,VIBURAF,30,14.76377953,5.706419944,2001,3,1.741591847
93,VITIROT,1,1.476377953,1.711925983,2001,3,0.537619043
935,CARYTOM,1,1.476377953,1.711925983,2001,3,0.537619043
935,DIOSVIR,1,3.44488189,9.320485908,2001,3,2.232214763
935,FAGUGRA,3,4.429133858,5.135777949,2001,3,1.636231331
935,FRAX1S1,20,15.7480315,14.45626386,2001,3,2.671127806
935,ILEXDECD,10,4.921259843,1.902139981,2001,3,0.642979558
935,LIQUSTY,1,2.460629921,4.755349953,2001,3,1.55927029
935,NYSSSYL,16,8.858267717,4.565135955,2001,3,1.518448296
935,PINUECH,1,13.28740157,138.6660046,2001,3,4.932068197
935,PRUNSER,1,1.476377953,1.711925983,2001,3,0.537619043
937,DIOSVIR,2,4.921259843,11.03241189,2001,3,2.400837476
937,FAGUGRA,21,11.31889764,5.516205946,2001,3,1.707690295
937,JUNIVIR,22,62.99212598,177.6598742,2001,3,5.179870904
937,PINUTAE,4,30.51181102,206.191974,2001,3,5.328807647
937,PINUVIR,5,29.03543307,153.1222685,2001,3,5.031236743
937,PRUNSER,13,12.30314961,17.68990183,2001,3,2.872993958
937,QUERVEL,9,8.366141732,7.798773923,2001,3,2.053966532
937,ULMUALA,2,3.937007874,6.467275936,2001,3,1.86675499
940,CARYOVT,5,2.460629921,0.951069991,2001,3,-0.050167622
940,FRAX1S1,5,2.460629921,0.951069991,2001,3,-0.050167622
940,QUERFAL,1,7.381889764,42.79814958,2001,3,3.756494868
940,VIBUACE,5,2.460629921,0.951069991,2001,3,-0.050167622
986,LIRITUL,2,37.47637795,1019.587946,1999,3,6.92715385
986,NYSSSYL,2,2.952755906,3.423851966,1999,3,1.230766223
986,VIBURAF,60,29.52755906,11.41283989,1999,3,2.434739028
987,JUNIVIR,3,5.413385827,8.179201919,1999,3,2.101594581
987,MORURUB,3,4.429133858,5.135777949,1999,3,1.636231331
988,CARYOVT,1,3.44488189,9.320485908,1999,3,2.232214763
988,ILEXDECD,2,3.937007874,6.467275936,1999,3,1.86675499
988,LIRITUL,1,48,1809.557368,1999,3,7.500837547
988,MORURUB,3,4.429133858,5.135777949,1999,3,1.636231331
988,QUERRUB,2,59.3503937,2032.162662,1999,3,7.616855856
1,VIBURAF,310,152.5590551,58.96633942,2000,4,4.076966763
11,ACERRUBR,229,179.6259843,178.9913722,2001,4,5.187337605
11,CARYGLA,5,35.92519685,235.2947157,2001,4,5.460838838
11,CARYOVT,4,55.20866142,1176.213719,2001,4,7.070055846
12,CARYTOM,8,30.51181102,226.7350858,2000,4,5.423782313
12,LIRITUL,7,41.43700787,1107.129163,2000,4,7.009525605
12,OXYDARB,6,34.4488189,200.485554,2000,4,5.300742194
12,QUERRUB,7,57.85826772,1918.838226,2000,4,7.559475191
14,CHIOVIR,10,4.921259843,1.902139981,2000,4,0.642979558
14,NYSSSYL,4,26.57480315,207.713686,2000,4,5.336160622
14,PRUNSER,34,35.43307087,44.51007556,2000,4,3.795715581
14,QUERSTE,8,58.12992126,1132.354278,2000,4,7.032054177
14,QUERVEL,24,28.54330709,114.1283989,2000,4,4.737324121
14,VIBURUF,20,22.63779528,32.71680768,2000,4,3.487888942
17,CARYGLA,35,55.61023622,271.4353753,2001,4,5.603724083
17,JUNIVIR,13,31.00393701,95.29721306,2001,4,4.557000566
18,NYSSSYL,30,44.29133858,68.09661133,2001,4,4.220927452
18,VITIROT,15,7.381889764,2.853209972,2001,4,1.048444666
2,NYSSSYL,37,32.97244094,45.08071756,2000,4,3.808454606
2,QUERFAL,3,62.57480315,1295.208029,2000,4,7.166426601
2,QUERVEL,3,30.01968504,251.6531195,2000,4,5.528051629
21,NYSSSYL,46,63.97637795,106.139411,2001,4,4.664753428
21,QUERVEL,3,54.68503937,1123.794649,2001,4,7.024466317
25,CARPCAR,102,108.2677165,147.2256345,2000,4,4.991966339
25,CORNFLO,130,70.86614173,39.94493961,2000,4,3.687501996
25,LIRITUL,1,44.5,1555.284713,2000,4,7.349413903
25,QUERRUB,7,21.16141732,162.6329684,2000,4,5.091495934
25,VIBUACE,55,27.06692913,10.4617699,2000,4,2.347727651
26,CARYTOM,2,9.842519685,38.42322762,2001,4,3.648662163
26,FAGUGRA,13,9.350393701,7.037917931,2001,4,1.951312378
26,LIQUSTY,4,37.4015748,279.2341492,2001,4,5.632050674
26,PINUTAE,2,108.5,4729.86409,2001,4,8.461651747
26,QUERRUB,4,39.37007874,311.1901009,2001,4,5.740403982
30,CARYGLA,3,74.2007874,2558.078911,2001,4,7.847011831
30,CORNFLO,61,37.89370079,26.82017374,2001,4,3.289154356
30,LIRITUL,13,23.12992126,115.0794689,2001,4,4.745622923
31,ACERRUBR,168,160.4330709,205.431118,2001,4,5.325110785
31,CARYGLA,7,55.61023622,374.1509343,2001,4,5.924659284
31,NYSSSYL,72,115.1574803,384.9931322,2001,4,5.953225496
31,QUERVEL,13,43.87401575,1023.202012,2001,4,6.930692216
31,VITIROT,5,2.460629921,0.951069991,2001,4,-0.050167622
34,CARYOVT,1,6.397637795,32.14616568,2001,4,3.47029318
34,FRAX1S1,5,26.08267717,121.1663168,2001,4,4.797164121
34,JUNIVIR,10,23.62204724,47.55349953,2001,4,3.861855383
34,QUERSTE,3,13.28740157,56.87398544,2001,4,4.040838039
34,SMILROT,65,31.98818898,12.36390988,2001,4,2.514781735
35,ACERRUBR,56,92.51968504,272.3864453,2001,4,5.607221813
35,OXYDARB,20,46.25984252,102.715559,2001,4,4.631963605
35,SMILROT,115,56.59448819,21.87460978,2001,4,3.085326594
36,LIQUSTY,16,50.19685039,295.2121251,2001,4,5.687694166
36,OXYDARB,40,81.69291339,357.6023165,2001,4,5.879421521
36,VITIROT,15,7.381889764,2.853209972,2001,4,1.048444666
41,CARYTOM,4,18.7007874,110.3241189,2001,4,4.703422569
41,FRAX1S1,6,25.59055118,101.574275,2001,4,4.620790304
41,QUERALB,57,117.7874016,1659.350518,2001,4,7.41418155
41,QUERSTE,9,50.68897638,255.8378275,2001,4,5.544543757
42,CARYOVL,31,25.0984252,89.59079312,2000,4,4.495252559
42,CORNFLO,81,69.38976378,79.31923722,2000,4,4.373480687
42,LIQUSTY,68,42.32283465,58.58591142,2000,4,4.070494248
42,PRUNSER,65,31.98818898,12.36390988,2000,4,2.514781735
42,QUERVEL,6,13.77952756,101.574275,2000,4,4.620790304
43,FAGUGRA,26,13.77952756,6.467275936,2001,4,1.86675499
43,VIBUACE,25,12.30314961,4.755349953,2001,4,1.55927029
44,FAGUGRA,70,39.37007874,20.92353979,2001,4,3.040874831
44,VIBURAF,35,17.22440945,6.657489934,2001,4,1.895742527
49,OXYDARB,6,29.52755906,119.8348188,2001,4,4.786114285
49,VIBUACE,55,27.06692913,10.4617699,2001,4,2.347727651
49,VITIROT,15,7.381889764,2.853209972,2001,4,1.048444666
50,LIQUSTY,4,82.40551181,2320.201193,2001,4,7.749409182
50,PINUECH,5,163.1062992,5362.637779,2001,4,8.587211256
50,QUERALB,10,4.921259843,1.902139981,2001,4,0.642979558
501,PINUTAE,1,2.460629921,4.755349953,1999,4,1.55927029
501,QUERRUB,22,48.22834646,150.2690585,1999,4,5.012427411
503,CARPCAR,28,22.63779528,20.5431118,1999,4,3.022525692
503,CORNFLO,28,29.52755906,52.49906348,1999,4,3.960795331
503,NYSSSYL,6,80.94094488,1894.153805,1999,4,7.546527477
504,CARYOVT,36,35.43307087,120.9761028,1999,4,4.795593029
504,QUERRUB,4,23.62204724,172.7143103,1999,4,5.151638844
505,AESCSYL,75,36.90944882,14.26604986,1999,4,2.657882579
505,FRAX1S1,14,20.66929134,63.53147537,1999,4,4.151535458
505,JUGLNIG,2,50.28740157,1213.87609,1999,4,7.101573899
505,JUNIVIR,4,24.60629921,122.4978148,1999,4,4.808093191
505,QUERRUB,4,151.3661417,5446.730237,1999,4,8.602770751
505,VIBURAF,95,46.7519685,18.07032982,1999,4,2.894271357
506,FRAX1S1,3,96.31889764,2985.390659,1999,4,8.001485891
506,VIBUACE,15,7.381889764,2.853209972,1999,4,1.048444666
508,FRAX1S1,1,12.30314961,118.8837488,1999,4,4.778146115
508,VIBURAF,95,46.7519685,18.07032982,1999,4,2.894271357
509,QUERALB,3,104.2874016,3400.424577,1999,4,8.131655578
51,ACERRUBR,21,34.94094488,63.34126138,2001,4,4.148536955
51,CARYGLA,10,40.35433071,196.6812741,2001,4,5.28158452
51,JUNIVIR,72,112.2047244,238.9087816,2001,4,5.476081812
51,PINUECH,6,136.519685,3246.278111,2001,4,8.085264423
51,QUERALB,21,26.08267717,80.08009321,2001,4,4.383027299
51,VIBURAF,280,137.7952756,53.25991948,2001,4,3.975184068
51,VITIROT,5,2.460629921,0.951069991,2001,4,-0.050167622
513,CARYTOM,11,18.20866142,140.5681446,2001,4,4.945692386
513,OXYDARB,4,18.7007874,76.84645524,2001,4,4.341809343
513,QUERVEL,22,26.57480315,127.4433787,2001,4,4.847672178
513,VITIROT,10,4.921259843,1.902139981,2001,4,0.642979558
519,ACERRUBR,73,97.93307087,344.0971226,2000,4,5.840923951
519,CARYTOM,7,12.30314961,48.50456952,2000,4,3.88165801
519,CORNFLO,27,22.14566929,21.87460978,2000,4,3.085326594
519,VIBUACE,5,2.460629921,0.951069991,2000,4,-0.050167622
519,VIBURAF,5,2.460629921,0.951069991,2000,4,-0.050167622
523,CORNFLO,14,18.7007874,43.74921957,2000,4,3.778473774
524,CARYGLA,12,20.66929134,41.84707959,2001,4,3.734022012
524,CERCCAN,8,6.88976378,6.08684794,2001,4,1.806130368
524,VIBURAF,100,49.21259843,19.02139981,2001,4,2.945564651
524,VIBURUF,30,14.76377953,5.706419944,2001,4,1.741591847
525,FAGUGRA,73,50.68897638,53.45013347,1999,4,3.978749135
525,LIQUSTY,14,125.1850394,1929.448125,1999,4,7.564989296
525,QUERRUB,4,43.30708661,393.3625481,1999,4,5.974731701
526,ACERRUBR,49,28.0511811,15.40733385,1999,4,2.73484362
526,CARPCAR,114,126.9685039,217.9852419,1999,4,5.384427363
526,JUGLNIG,1,55,2375.829444,1999,4,7.773101895
526,JUNIVIR,7,51.67322835,357.4121025,1999,4,5.878889465
528,CORNFLO,16,13.77952756,12.17369588,1999,4,2.499277549
528,FAGUGRA,1,10.33464567,83.88437317,1999,4,4.429439341
531,LIRITUL,6,91.95669291,2827.157642,1999,4,7.947027119
531,PINUECH,4,99.60629921,2448.614243,1999,4,7.803277529
532,ACERRUBR,121,87.10629921,96.05806905,1999,4,4.564952895
532,CARYALB,42,57.16141732,1027.196506,1999,4,6.934588531
532,CARYGLA,8,19.68503937,97.38956704,1999,4,4.57871909
532,OSTRVIR,80,69.88188976,85.21587116,1999,4,4.445187698
532,QUERALB,3,101.3188976,3287.768952,1999,4,8.097964484
532,QUERRUB,12,15.7480315,61.62933539,1999,4,4.121137981
532,VIBURAF,105,51.67322835,19.9724698,1999,4,2.994354815
537,CARYGLA,8,18.7007874,94.34614307,2001,4,4.546970392
537,PINUECH,6,85.73622047,1497.23347,2001,4,7.311374331
537,QUERFAL,2,44.86614173,1101.318549,2001,4,7.004263422
537,VITIROT,40,19.68503937,7.608559925,2001,4,2.029273919
539,ACERBAR,40,31.49606299,28.91252772,2000,4,3.364274986
539,CARYTOM,17,23.12992126,100.623205,2000,4,4.611382897
539,FAGUGRA,36,27.55905512,28.15167172,2000,4,3.337606739
539,OSTRVIR,50,37.4015748,35.37980365,2000,4,3.566141139
539,PINUECH,2,38.81889764,694.5805661,2000,4,6.543308161
54,CARYGLA,12,8.858267717,8.369415918,2000,4,2.124584099
54,CORNFLO,42,36.41732283,50.5969235,2000,4,3.923890774
54,FAGUGRA,38,44.29133858,104.617699,2000,4,4.650312744
54,LIRITUL,4,30.51181102,207.713686,2000,4,5.336160622
54,OXYDARB,24,95.47244094,585.8591142,2000,4,6.373079341
54,QUERALB,13,17.22440945,54.21098947,2000,4,3.992883646
54,VIBURAF,60,29.52755906,11.41283989,2000,4,2.434739028
541,LIRITUL,8,18.7007874,48.69478352,2000,4,3.88557191
541,LIRITUL,8,18.7007874,48.69478352,2000,4,3.88557191
541,PINUVIR,105,93.01181102,360.8359544,2000,4,5.888423435
541,VIBURAF,10,4.921259843,1.902139981,2000,4,0.642979558
542,CORNFLO,57,50.68897638,47.36328553,2000,4,3.857847362
542,QUERALB,68,127.9527559,323.3637968,2000,4,5.778777995
542,QUERVEL,19,48.72047244,120.7858888,2000,4,4.794019464
547,FAGUGRA,28,16.73228346,9.891127903,2000,4,2.291638184
547,PINUTAE,5,82.29133858,1530.52092,2000,4,7.333363427
547,VIBUACE,10,4.921259843,1.902139981,2000,4,0.642979558
55,CORNFLO,11,7.381889764,6.657489934,2000,4,1.895742527
55,LIQUSTY,10,23.62204724,82.55287519,2000,4,4.413438999
553,CARYOVT,5,16.24015748,90.73207711,2001,4,4.507910956
553,CARYTOM,7,23.12992126,168.7198163,2001,4,5.128239448
553,FAGUGRA,6,12.79527559,31.57552369,2001,4,3.452382254
553,FRAX1S1,17,13.28740157,19.9724698,2001,4,2.994354815
553,LIRITUL,2,119,5592.820322,2001,4,8.629238969
553,OSTRVIR,1,1.476377953,1.711925983,2001,4,0.537619043
553,OSTRVIR,28,23.62204724,54.02077547,2001,4,3.989368703
553,PINUTAE,2,119,5561.404395,2001,4,8.623605944
553,PINUVIR,5,61.51574803,595.9404561,2001,4,6.390140756
553,ULMURUB,20,38.38582677,107.2806949,2001,4,4.675448717
553,ULMURUB,20,38.38582677,107.2806949,2001,4,4.675448717
553,VIBURAF,15,7.381889764,2.853209972,2001,4,1.048444666
553,VITIROT,16,8.858267717,4.565135955,2001,4,1.518448296
556,ACERRUBR,27,28.0511811,64.48254536,2000,4,4.166394573
556,CARPCAR,34,22.63779528,20.1626838,2000,4,3.003833559
556,CERCCAN,46,50.19685039,78.74859522,2000,4,4.366260439
556,CORNFLO,20,27.55905512,49.45563951,2000,4,3.901076096
556,LIRITUL,12,129.0748031,1871.979345,2000,4,7.534751624
557,LIRITUL,36,18.7007874,8.369415918,2000,4,2.124584099
557,NYSSSYL,6,15.7480315,42.22750758,2000,4,3.743071847
557,OSTRVIR,29,35.92519685,84.64522917,2000,4,4.438468747
557,OXYDARB,4,20.66929134,90.54186311,2000,4,4.50581232
557,QUERFAL,4,67.53543307,1403.635851,2000,4,7.246821186
557,ULMUALA,5,18.20866142,63.34126138,2000,4,4.148536955
557,VIBUACE,10,4.921259843,1.902139981,2000,4,0.642979558
56,ACERRUBR,40,80.70866142,240.4304936,2001,4,5.48243104
56,LIQUSTY,93,132.3818898,296.1631951,2001,4,5.690910637
56,NYSSSYL,61,99.9015748,206.382188,2001,4,5.329729731
56,OXYDARB,37,77.26377953,192.6867801,2001,4,5.26106597
56,QUERALB,1,60,2827.433388,2001,4,7.947124649
56,QUERPHE,3,80.36614173,2091.116584,2001,4,7.645453453
56,SMILROT,200,98.42519685,38.04279963,2001,4,3.638711832
560,FRAX1S1,64,55.11811024,88.25929513,2000,4,4.480279018
560,QUERRUB,35,17.22440945,6.657489934,2000,4,1.895742527
560,VIBURAF,95,46.7519685,18.07032982,2000,4,2.894271357
562,LIQUSTY,6,22.63779528,92.44400309,1999,4,4.526603089
562,LIRITUL,3,18.20866142,96.43849705,1999,4,4.568905469
562,OXYDARB,18,58.07086614,224.0720898,1999,4,5.41196783
564,ACERRUBR,89,130.4133858,191.9259241,2000,4,5.257109486
564,CORNFLO,15,24.11417323,31.76573769,2000,4,3.458388278
564,LIQUSTY,29,36.90944882,58.77612542,2000,4,4.073735742
564,PRUNSER,18,18.7007874,21.68439579,2000,4,3.076592914
569,LIQUSTY,4,26.57480315,195.5399901,2001,4,5.275764911
569,NYSSSYL,17,37.89370079,152.3614125,2001,4,5.026255412
569,QUERALB,3,15.25590551,64.48254536,2001,4,4.166394573
569,ULMUALA,20,40.35433071,111.8458309,2001,4,4.717121413
569,VIBUACE,40,19.68503937,7.608559925,2001,4,2.029273919
570,ACERBAR,29,39.86220472,122.6880288,1999,4,4.809644782
570,ACERRUBR,35,107.7755906,508.822445,1999,4,6.232099125
570,CORNFLO,25,30.01968504,51.92842149,1999,4,3.94986626
570,LIRITUL,3,31.00393701,251.6531195,1999,4,5.528051629
574,CARPCAR,5,2.460629921,0.951069991,2000,4,-0.050167622
574,CORNFLO,66,47.24409449,46.03178755,2000,4,3.829332191
574,FAGUGRA,25,36.90944882,150.8397005,2000,4,5.016217687
574,OSTRVIR,175,122.5393701,144.3724246,2000,4,4.972396243
574,QUERRUB,1,9.350393701,68.66725332,2000,4,4.229272424
574,VIBURAF,360,177.1653543,68.47703933,2000,4,4.226498497
576,ACERRUBR,4,19.68503937,95.10699906,2000,4,4.555002564
576,CARYTOM,3,22.14566929,157.3069765,2000,4,5.05819916
576,CERCCAN,1,1.476377953,1.711925983,2000,4,0.537619043
576,CORNFLO,1,1.476377953,1.711925983,2000,4,0.537619043
576,FRAX1S1,6,8.858267717,33.09723567,2000,4,3.499449765
576,OXYDARB,4,60.61417323,1200.610256,2000,4,7.090585253
576,QUERRUB,3,26.08267717,178.6109442,2000,4,5.185209945
576,VIBURAF,5,2.460629921,0.951069991,2000,4,-0.050167622
577,ACERBAR,28,17.71653543,12.93455187,2000,4,2.55990217
577,CORNFLO,36,53.1496063,95.10699906,2000,4,4.555002564
577,FRAX1S1,7,5.413385827,4.374921957,2000,4,1.475888681
577,OXYDARB,18,41.33858268,106.9002669,2000,4,4.671896315
577,ULMURUB,17,12.30314961,12.36390988,2000,4,2.514781735
578,ACERBAR,48,26.57480315,13.69540787,2000,4,2.617060584
578,CORNFLO,13,31.98818898,80.08009321,2000,4,4.383027299
579,ACERRUBR,293,286.9685039,1343.301602,2000,4,7.202885745
579,CARYGLA,11,51.92125984,1736.846683,2000,4,7.459826497
579,CARYTOM,7,13.28740157,71.3302493,2000,4,4.267320491
579,NYSSSYL,12,75.06692913,1915.126137,2000,4,7.557538768
579,OSTRVIR,87,64.46850394,59.15655342,2000,4,4.080187377
58,LIQUSTY,14,28.54330709,115.2696829,2000,4,4.747274451
58,PINUTAE,2,128,6500.347899,2000,4,8.779610977
58,QUERFAL,4,42.32283465,356.8414605,2000,4,5.877291595
58,QUERRUB,17,43.85826772,966.6778861,2000,4,6.873865334
58,VIBUACE,60,29.52755906,11.41283989,2000,4,2.434739028
58,VIBURAF,130,63.97637795,24.72781976,2000,4,3.207928916
582,CARPCAR,21,34.94094488,83.12351718,2000,4,4.42032766
582,CORNFLO,43,32.97244094,32.52659368,2000,4,3.482058022
582,ELAEPUN,10,4.921259843,1.902139981,2000,4,0.642979558
582,FAGUGRA,3,8.366141732,21.87460978,2000,4,3.085326594
582,FRAX1S1,37,27.06692913,23.77674977,2000,4,3.168708203
582,LIGUSIN,40,19.68503937,7.608559925,2000,4,2.029273919
582,LINDBEN,35,17.22440945,6.657489934,2000,4,1.895742527
582,VITIAES,12,16.73228346,25.10824775,2000,4,3.223196388
583,CARYOVT,9,28.0511811,74.75410126,2000,4,4.314204077
583,CARYTOM,15,27.06692913,98.72106503,2000,4,4.592298348
583,ELAEPUN,45,22.14566929,8.559629916,2000,4,2.147056955
583,FRAX1S1,1,37,1075.210086,2000,4,6.98027135
583,MORURUB,5,7.381889764,8.559629916,2000,4,2.147056955
583,ULMURUB,6,3.937007874,2.662995974,2000,4,0.979451795
583,VIBURAF,45,22.14566929,8.559629916,2000,4,2.147056955
585,CARPCAR,7,12.30314961,19.59204181,1999,4,2.975123454
585,CARYALB,13,18.20866142,49.64585351,1999,4,3.904914873
59,CARYGLA,2,13.77952756,84.07458717,2001,4,4.431704347
59,CARYOVT,4,20.66929134,95.10699906,2001,4,4.555002564
59,FRAX1S1,15,26.08267717,83.50394518,2001,4,4.424893878
59,LIRITUL,4,16.73228346,73.80303127,2001,4,4.301399805
59,VITIROT,2,2.952755906,3.423851966,2001,4,1.230766223
6,CARYTOM,7,8.366141732,18.07032982,2001,4,2.894271357
6,FRAX1S1,6,17.71653543,46.79264354,2001,4,3.845726001
6,LIQUSTY,46,54.13385827,107.6611229,2001,4,4.678988544
6,NYSSSYL,16,27.55905512,53.25991948,2001,4,3.975184068
60,CARYGLA,2,4.921259843,9.510699906,2000,4,2.252417471
60,CARYGLA,2,11.81102362,73.42260328,2001,4,4.296231835
60,CARYOVL,3,18.20866142,90.35164911,2000,4,4.503709269
60,CARYTOM,2,45.94488189,1427.945919,2000,4,7.26399227
60,LIRITUL,3,14.27165354,69.04768132,2000,4,4.2347973
60,QUERFAL,1,1.476377953,1.711925983,2000,4,0.537619043
60,QUERRUB,12,17.71653543,67.71618333,2001,4,4.215325196
60,QUERSTE,2,21.65354331,187.5510022,2000,4,5.23405082
60,QUERSTE,1,7.381889764,42.79814958,2001,4,3.756494868
608,NYSSSYL,10,26.57480315,64.29233137,2001,4,4.163440361
620,CARYTOM,7,26.08267717,83.50394518,2001,4,4.424893878
620,JUNIVIR,28,34.4488189,55.54248745,2001,4,4.017148268
620,OSTRVIR,7,12.30314961,19.59204181,2001,4,2.975123454
620,QUERNIG,5,26.08267717,121.1663168,2001,4,4.797164121
620,ULMUALA,7,11.31889764,15.02690585,2001,4,2.709842318
63,FAGUGRA,14,15.7480315,25.48867575,2001,4,3.238234265
63,ULMUALA,8,32.48031496,133.9106547,2001,4,4.897172821
63,VIBURAF,35,17.22440945,6.657489934,2001,4,1.895742527
67,FRAX1S1,28,43.30708661,163.5840384,2001,4,5.097326855
67,OXYDARB,5,11.31889764,25.29846175,2001,4,3.230743594
67,PINUTAE,2,59.31889764,1910.180573,2001,4,7.554953058
67,QUERFAL,1,5.413385827,23.01589377,2001,4,3.136185011
67,ULMUALA,8,6.88976378,6.08684794,2001,4,1.806130368
68,CARYGLA,16,9.842519685,7.608559925,2001,4,2.029273919
68,CORNFLO,9,13.28740157,24.53760576,2001,4,3.20020687
68,NYSSSYL,41,33.95669291,56.49355744,2001,4,4.034126604
68,OXYDARB,10,36.41732283,269.7234493,2001,4,5.597397172
68,QUERVEL,7,23.12992126,182.4152242,2001,4,5.20628554
70,FRAX1S1,12,35.43307087,125.5412388,2001,4,4.8326343
70,QUERALB,14,15.7480315,30.0538117,2001,4,3.402989498
70,ULMUALA,64,54.13385827,63.91190337,2001,4,4.157505625
70,VITIROT,5,2.460629921,0.951069991,2001,4,-0.050167622
75,CORNFLO,83,77.26377953,90.35164911,2001,4,4.503709269
75,NYSSSYL,28,50.19685039,171.1925983,2001,4,5.142789229
77,CARYGLA,14,11.81102362,11.79326788,2000,4,2.46752885
77,CERCCAN,8,9.842519685,15.21711985,2000,4,2.7224211
77,FRAX1S1,13,34.94094488,171.3828123,2000,4,5.143899723
77,QUERRUB,31,48.72047244,247.8488396,2000,4,5.512819042
77,QUERVEL,12,16.73228346,57.06419944,2000,4,4.04417694
77,VIBURAF,155,76.27952756,29.48316971,2000,4,3.383819582
78,LIRITUL,3,54.7007874,1156.732238,2000,4,7.053354273
78,NYSSSYL,27,38.87795276,82.74308918,2000,4,4.415740496
78,QUERALB,3,23.12992126,143.6115686,2000,4,4.967112215
78,TOXIRAD,3,4.429133858,5.135777949,2000,4,1.636231331
78,VITIROT,3,4.429133858,5.135777949,2000,4,1.636231331
8,CARYGLA,12,55.70866142,1147.644745,2000,4,7.045467073
8,CARYOVT,5,10.33464567,19.21161381,2000,4,2.955514982
8,JUNIVIR,24,44.29133858,91.3027191,2000,4,4.514180569
8,PINUTAE,4,177,6346.802558,2000,4,8.755706431
8,QUERSTE,4,9.842519685,19.02139981,2000,4,2.945564651
8,QUERVEL,18,24.60629921,50.5969235,2000,4,3.923890774
8,VIBURAF,410,201.7716535,77.98773923,2000,4,4.356551625
9,CARPCAR,13,11.31889764,14.64647786,2001,4,2.684199887
9,FRAX1S1,6,15.7480315,39.18408361,2001,4,3.668270634
9,QUERALB,3,140.5,5256.080859,2001,4,8.567140944
925,LIRITUL,2,18.7007874,138.8562186,2001,4,4.933438999
925,NYSSSYL,11,22.14566929,69.04768132,2001,4,4.2347973
926,QUERVEL,10,4.921259843,1.902139981,2001,4,0.642979558
929,FRAX1S1,8,8.858267717,12.17369588,2001,4,2.499277549
929,VIBUACE,30,14.76377953,5.706419944,2001,4,1.741591847
929,VITIROT,15,7.381889764,2.853209972,2001,4,1.048444666
93,CORNFLO,40,33.46456693,36.52108764,2001,4,3.597889837
93,PINUECH,4,93.18503937,2274.108415,2001,4,7.729343349
935,CARPCAR,13,9.350393701,7.037917931,2001,4,1.951312378
935,CARYGLA,8,6.88976378,6.08684794,2001,4,1.806130368
935,CORNFLO,5,7.381889764,8.559629916,2001,4,2.147056955
935,JUNIVIR,124,288.3858268,1170.957372,2001,4,7.06557696
935,QUERALB,1,36.5,1046.346703,2001,4,6.953060046
935,QUERFAL,32,17.71653543,9.13027191,2001,4,2.211595476
935,QUERPHE,20,9.842519685,3.804279963,2001,4,1.336126739
935,VITIROT,15,7.381889764,2.853209972,2001,4,1.048444666
937,CARYGLA,10,11.81102362,15.59754785,2001,4,2.747113713
937,CORNFLO,35,42.81496063,97.96020903,2001,4,4.584561366
937,NYSSSYL,4,9.842519685,19.02139981,2001,4,2.945564651
937,OSTRVIR,53,30.01968504,17.68990183,2001,4,2.872993958
937,SASSALB,10,12.79527559,20.1626838,2001,4,3.003833559
937,VIBUACE,120,59.05511811,22.82567978,2001,4,3.127886208
937,VIBURAF,75,36.90944882,14.26604986,2001,4,2.657882579
937,VITIROT,5,2.460629921,0.951069991,2001,4,-0.050167622
940,QUERALB,2,5.905511811,14.07583586,2001,4,2.644459559
940,QUERALB,38,25.59055118,33.09723567,2001,4,3.499449765
940,QUERVEL,2,8.858267717,32.33637968,2001,4,3.476192902
940,ULMUALA,3,12.30314961,49.26542551,2001,4,3.897222527
986,ACERRUBR,35,36.90944882,62.96083338,1999,4,4.142512841
986,CORNFLO,35,31.00393701,34.04830566,1999,4,3.527780271
986,OSTRVIR,63,38.87795276,24.15717776,1999,4,3.184581552
987,ACERRUBR,4,8.858267717,20.5431118,1999,4,3.022525692
987,CARYOVT,2,53.31889764,1486.065565,1999,4,7.303887346
987,CELTOCC,2,2.952755906,3.423851966,1999,4,1.230766223
987,PRUNSER,4,5.905511811,6.847703933,1999,4,1.923913404
988,PRUNSER,6,9.842519685,13.31497987,1999,4,2.588889707
1,ACERRUBR,74,94.48818898,178.4207302,2000,5,5.184144414
1,CORNFLO,188,158.4645669,168.1491743,2000,5,5.124851528
1,PRUNSER,99,76.27952756,69.04768132,2000,5,4.2347973
11,OXYDARB,55,106.7913386,334.5864227,2001,5,5.81289521
12,CORNFLO,167,112.6968504,86.54736915,2000,5,4.460691884
12,NYSSSYL,41,60.53149606,242.1424196,2000,5,5.489526064
12,QUERVEL,5,98.75590551,2931.873181,2000,5,7.983396809
14,ACERRUBR,65,55.61023622,86.92779714,2000,5,4.465077856
14,CARYOVL,31,55.61023622,235.6751437,2000,5,5.462454347
14,CARYTOM,136,131.8897638,270.8647333,2000,5,5.601619557
17,ACERRUBR,35,44.78346457,64.48254536,2001,5,4.166394573
17,FRAX1S1,23,58.56299213,150.4592725,2001,5,5.013692433
17,VIBURAF,815,401.0826772,155.0244085,2001,5,5.043582579
18,CORNFLO,60,52.16535433,63.15104738,2001,5,4.145529434
2,LIQUSTY,67,67.42125984,149.6984165,2000,5,5.008622714
25,LIQUSTY,4,156,4864.363525,2000,5,8.489691159
25,OXYDARB,20,47.24409449,225.9742298,2000,5,5.420420965
26,CARYGLA,7,30.01968504,126.1118808,2001,5,4.837169455
26,VIBUACE,55,27.06692913,10.4617699,2001,5,2.347727651
29,CORNFLO,298,157.480315,82.55287519,2001,5,4.413438999
29,VITIROT,5,2.460629921,0.951069991,2001,5,-0.050167622
30,OXYDARB,33,53.64173228,132.5791567,2001,5,4.887179876
30,QUERRUB,3,88.88188976,2653.657994,2001,5,7.883694342
31,QUERALB,12,370.4173228,11321.68688,2001,5,9.334475358
34,LIQUSTY,12,59.05511811,309.6683889,2001,5,5.735502012
34,NYSSSYL,30,79.72440945,246.1369136,2001,5,5.50588794
34,QUERALB,14,27.55905512,147.2256345,2001,5,4.991966339
34,VITIROT,57,30.01968504,13.88562186,2001,5,2.630853906
35,CARYOVT,10,39.37007874,160.1601864,2001,5,5.07617448
35,LIQUSTY,73,96.9488189,202.577908,2001,5,5.311124543
35,NYSSSYL,88,91.53543307,111.0849749,2001,5,4.710295448
36,ACERRUBR,55,84.15354331,355.8903905,2001,5,5.874622792
36,CARYTOM,10,64.56692913,1244.653884,2001,5,7.126612765
41,ACERRUBR,76,86.61417323,162.0623264,2001,5,5.087980992
41,PINUECH,9,141.0826772,2945.391936,2001,5,7.987997173
42,NYSSSYL,35,62.5,262.3051034,2000,5,5.569508343
42,OXYDARB,83,58.56299213,76.65624124,2000,5,4.339331027
43,LIQUSTY,45,91.11811024,1233.198266,2001,5,7.11736629
43,PINUECH,25,470.0551181,10975.83196,2001,5,9.30345104
44,LIQUSTY,51,69.38976378,146.6549926,2001,5,4.988082839
44,LIRITUL,18,65.94488189,351.8958965,2001,5,5.863335383
44,OXYDARB,14,34.4488189,110.7045469,2001,5,4.706864913
49,LIQUSTY,7,55.61023622,368.0640864,2001,5,5.908257071
49,LIRITUL,4,36.41732283,267.0604534,2001,5,5.58747505
50,LIRITUL,7,105.9291339,1804.416685,2001,5,7.497992652
50,VIBUACE,5,2.460629921,0.951069991,2001,5,-0.050167622
501,OSTRVIR,83,88.09055118,105.568769,1999,5,4.659362579
501,PRUNSER,22,13.77952756,10.2715559,1999,5,2.329378512
503,OSTRVIR,123,84.15354331,96.43849705,1999,5,4.568905469
504,JUNIVIR,53,105.8070866,276.3809393,1999,5,5.621780129
505,CARPCAR,98,104.3307087,224.0720898,1999,5,5.41196783
505,CERCCAN,11,35.92519685,108.6121929,1999,5,4.687783675
505,CORNFLO,145,95.96456693,109.7534769,1999,5,4.698236732
505,ULMURUB,58,79.72440945,155.5950505,1999,5,5.047256802
506,ACERRUBR,84,50.19685039,52.49906348,1999,5,3.960795331
508,QUERALB,4,46.25984252,423.7967878,1999,5,6.049254066
509,ACERRUBR,6,37.4015748,255.2671855,1999,5,5.542310783
51,FRAX1S1,17,56.59448819,191.9259241,2001,5,5.257109486
51,PINUTAE,10,333.7440945,11285.06803,2001,5,9.331235717
513,CARYGLA,9,128.2795276,3552.024756,2001,5,8.175273074
519,FAGUGRA,37,114.7401575,1309.283865,2000,5,7.177235599
519,PINUTAE,6,358,17083.19545,2000,5,9.745850537
519,QUERRUB,7,138.6889764,3476.486024,2000,5,8.153777299
523,ACERRUBR,32,69.88188976,213.0396779,2000,5,5.36147843
523,OXYDARB,17,51.67322835,290.8372031,2000,5,5.672763671
524,CARYOVT,27,34.94094488,69.04768132,2001,5,4.2347973
524,ULMUALA,28,64.96062992,163.5840384,2001,5,5.097326855
525,ACERBAR,6,26.57480315,112.2262589,1999,5,4.720517002
525,CORNFLO,14,33.46456693,68.09661133,1999,5,4.220927452
525,LIRITUL,11,109.0393701,2195.028951,1999,5,7.693950515
526,ACERBAR,178,107.2834646,67.33575534,1999,5,4.209691378
526,OSTRVIR,93,182.5787402,513.7680089,1999,5,6.241771819
526,PINUTAE,7,217.8779528,6812.133355,1999,5,8.826460618
528,LIQUSTY,13,46.7519685,147.0354206,1999,5,4.990673514
531,ACERRUBR,31,53.64173228,179.3718002,1999,5,5.189460748
531,CORNFLO,13,46.7519685,154.6439805,1999,5,5.041125575
532,OXYDARB,20,100.3937008,487.7086912,1999,5,6.189718283
537,JUNIVIR,90,192.9133858,879.9299553,2001,5,6.779842308
537,QUERSTE,6,48.22834646,332.8744967,2001,5,5.807765532
537,VIBURAF,335,164.8622047,63.72168937,2001,5,4.154524997
539,CARPCAR,53,39.86220472,46.60242954,2000,5,3.841652676
539,LIQUSTY,37,95.96456693,344.8579786,2000,5,5.843132676
539,ULMUALA,87,52.65748031,36.33087364,2000,5,3.592667893
539,ULMURUB,64,54.13385827,71.5204633,2000,5,4.269983609
54,LIQUSTY,61,90.05905512,288.5546352,2000,5,5.664884445
54,PINUTAE,10,540.5,23327.3072,2000,5,10.05737994
541,PINUTAE,161,619.4566929,10648.17504,2000,5,9.273143798
542,ACERRUBR,111,127.4606299,202.19748,2000,5,5.309244844
542,FAGUGRA,38,78.83070866,1191.811267,2000,5,7.083229502
542,LIRITUL,62,101.3779528,297.8751211,2000,5,5.696674342
547,CARPCAR,112,72.83464567,59.34676742,2000,5,4.083397653
547,LIRITUL,6,116.8700787,2688.88486,2000,5,7.896881836
547,OXYDARB,30,51.18110236,121.3565308,2000,5,4.798732749
55,LIRITUL,9,69.38976378,467.3557934,2000,5,6.147090838
553,LIQUSTY,20,125.984252,693.1398092,2001,5,6.541231724
553,PINUECH,7,224.1062992,6523.456265,2001,5,8.783159616
553,TOXIRAD,5,2.460629921,0.951069991,2001,5,-0.050167622
557,CARYTOM,3,19.19291339,139.0464326,2000,5,4.934807925
557,LIQUSTY,9,31.00393701,198.012772,2000,5,5.288331534
557,PINUECH,10,368.6220472,12000.77394,2000,5,9.392726421
557,QUERALB,5,102.4173228,3682.168005,2000,5,8.21125699
557,VIBURAF,15,7.381889764,2.853209972,2000,5,1.048444666
56,PINUTAE,5,206.7874016,7711.278747,2001,5,8.950439308
56,VACCCOR,38,26.57480315,19.40182781,2001,5,2.965367279
560,ACERRUBR,80,68.8976378,133.9106547,2000,5,4.897172821
560,CERCCAN,40,28.54330709,31.95595169,2000,5,3.464358445
560,LIRITUL,52,171.2598425,922.9183189,2000,5,6.827540735
562,CORNFLO,12,15.7480315,22.06482378,1999,5,3.093984656
564,PINUTAE,237,964.2755906,27012.58039,2000,5,10.20405798
569,CARYTOM,11,13.28740157,17.30947383,2001,5,2.851253972
569,PINUTAE,11,647,30459.70427,2001,5,10.32415992
569,VITIROT,26,13.77952756,6.467275936,2001,5,1.86675499
570,LIQUSTY,14,110.3700787,2198.35444,1999,5,7.695464378
570,ULMUALA,12,40.35433071,146.8452066,1999,5,4.989379015
574,ACERBAR,80,63.97637795,79.12902322,2000,5,4.371079726
574,LIRITUL,7,87.77559055,1714.978842,2000,5,7.447156022
574,OXYDARB,53,103.8385827,384.4224902,2000,5,5.951742183
574,VIBUACE,330,162.4015748,62.77061938,2000,5,4.13948712
576,LIQUSTY,8,79.72440945,661.9447135,2000,5,6.495182038
576,LIRITUL,4,200.5,8101.971104,2000,5,8.999862657
576,PINUTAE,10,385.6377953,13842.23807,2000,5,9.535479927
576,QUERALB,10,4.921259843,1.902139981,2000,5,0.642979558
577,ACERRUBR,70,49.21259843,45.27093155,2000,5,3.812665139
577,OSTRVIR,35,38.87795276,66.00425735,2000,5,4.189719245
578,LIRITUL,8,135.1338583,2993.46003,2000,5,8.004185198
578,OSTRVIR,48,53.1496063,100.432991,2000,5,4.609490749
579,CORNFLO,53,44.78346457,51.1675655,2000,5,3.935105845
579,QUERALB,8,220.011811,7491.447157,2000,5,8.92151727
579,QUERVEL,7,22.14566929,171.7632403,2000,5,5.146117019
58,CARYTOM,6,42.32283465,282.6580012,2000,5,5.644237691
58,LIRITUL,5,161.2480315,5654.265652,2000,5,8.640165522
58,NYSSSYL,144,97.44094488,104.998127,2000,5,4.653942512
58,OXYDARB,28,65.94488189,285.3209972,2000,5,5.653614852
58,QUERALB,3,68.7007874,2125.177307,2000,5,7.661610516
582,JUGLNIG,1,51,2042.820623,2000,5,7.62208679
582,LIRITUL,11,110.5275591,5311.635824,2000,5,8.577655132
583,ACERRUBR,91,65.45275591,84.26480117,2000,5,4.433964235
583,CARYCOR,23,16.24015748,16.54861784,2000,5,2.806302584
583,LIQUSTY,7,174.1456693,4708.787453,2000,5,8.457185713
585,CORNFLO,101,53.64173228,34.42873366,1999,5,3.538891497
585,FAGUGRA,43,60.53149606,116.2207529,1999,5,4.755491424
585,LIRITUL,6,322.2874016,15434.29524,1999,5,9.644347276
59,NYSSSYL,32,73.81889764,155.2146225,2001,5,5.04480882
6,ACERRUBR,70,123.0314961,317.6573769,2001,5,5.760973371
6,PINUTAE,9,434.5,17175.67609,2001,5,9.751249481
60,FRAX1S1,16,26.57480315,77.60731124,2001,5,4.35166164
60,NYSSSYL,31,70.37401575,144.3724246,2000,5,4.972396243
60,QUERALB,7,6.397637795,7.418345927,2001,5,2.003956111
60,QUERRUB,12,17.71653543,67.71618333,2001,5,4.215325196
620,FAGUGRA,16,22.63779528,62.39019139,2001,5,4.133408074
620,QUERALB,12,34.4488189,207.713686,2001,5,5.336160622
63,CARPCAR,106,74.80314961,68.85746732,2001,5,4.232038677
63,CORNFLO,39,31.00393701,30.2440257,2001,5,3.409298668
63,LIQUSTY,64,53.1496063,153.6929105,2001,5,5.034956524
63,VITIROT,5,2.460629921,0.951069991,2001,5,-0.050167622
67,ACERRUBR,77,65.45275591,92.25378909,2001,5,4.524543356
67,CARYTOM,15,21.16141732,71.3302493,2001,5,4.267320491
67,VIBURAF,610,300.1968504,116.0305389,2001,5,4.753853422
68,LIQUSTY,14,142.2755906,3930.010161,2001,5,8.27639729
68,VITIROT,5,2.460629921,0.951069991,2001,5,-0.050167622
70,ACERRUBR,109,165.8464567,466.5949374,2001,5,6.14546151
70,OXYDARB,35,117.6181102,411.4328779,2001,5,6.019645891
75,CARYTOM,33,71.43307087,1138.091267,2001,5,7.037107811
75,LIQUSTY,79,62.5,92.63421709,2001,5,4.528658588
75,PINUVIR,9,187.4133858,4372.423269,2001,5,8.383072658
75,QUERALB,1,47,1734.944543,2001,5,7.458730728
77,ACERRUBR,37,67.42125984,200.29534,2000,5,5.299792977
77,CORNFLO,96,110.2362205,206.95283,2000,5,5.332490893
77,QUERALB,12,67.03543307,1285.335076,2000,5,7.158774723
78,ACERRUBR,58,70.86614173,141.8996426,2000,5,4.955120066
78,CARYGLA,20,75.58267717,2016.295211,2000,5,7.609017052
8,ACERRUBR,50,67.91338583,170.8121703,2000,5,5.140564534
8,CARYTOM,57,102.8543307,330.4017147,2000,5,5.800309232
9,CORNFLO,91,58.56299213,44.70028956,2001,5,3.799979979
9,NYSSSYL,35,41.83070866,192.3063521,2001,5,5.259089684
9,VIBURAF,120,59.05511811,22.82567978,2001,5,3.127886208
925,FRAX1S1,22,62.00787402,200.485554,2001,5,5.300742194
925,VITIROT,25,12.30314961,4.755349953,2001,5,1.55927029
926,CORNFLO,8,30.51181102,114.1283989,2001,5,4.737324121
926,NYSSSYL,12,44.29133858,174.2360223,2001,5,5.16041083
926,VITIROT,10,4.921259843,1.902139981,2001,5,0.642979558
929,CARYTOM,26,13.77952756,6.467275936,2001,5,1.86675499
93,FRAX1S1,4,33.46456693,245.7564856,2001,5,5.50434115
93,LIQUSTY,15,31.00393701,130.6770167,2001,5,4.872728758
93,LIRITUL,2,60.28740157,1873.610548,2001,5,7.535622622
93,QUERRUB,13,19.19291339,105.949197,2001,5,4.662959705
935,CARYOVT,73,70.37401575,77.79752523,2001,5,4.354109621
935,PINUTAE,13,288.3700787,10103.01875,2001,5,9.220589544
935,VIBURAF,130,63.97637795,24.72781976,2001,5,3.207928916
940,CARPCAR,73,44.78346457,47.36328553,2001,5,3.857847362
940,CARYTOM,15,27.06692913,89.59079312,2001,5,4.495252559
986,CERCCAN,88,53.1496063,34.99937566,1999,5,3.555330223
986,PRUNSER,22,12.79527559,7.228131929,1999,5,1.977980625
986,VIBUACE,45,22.14566929,8.559629916,1999,5,2.147056955
987,FRAX1S1,9,64.46850394,449.0952496,1999,5,6.107235002
987,ULMURUB,20,30.51181102,37.28194363,1999,5,3.618509125
988,ACERRUBR,23,49.70472441,100.242777,1999,5,4.607595014
988,CORNFLO,25,52.65748031,96.05806905,1999,5,4.564952895
1,CARYTOM,113,95.96456693,132.5791567,2000,6,4.887179876
1,QUERALB,4,333,22604.93724,2000,6,10.02592362
12,ACERRUBR,73,104.8228346,286.2720672,2000,6,5.656942642
12,QUERALB,3,131,4510.148953,2000,6,8.414085459
14,CORNFLO,70,88.58267717,141.1387866,2000,6,4.949743708
14,QUERALB,5,223.3031496,9237.749125,2000,6,9.131053534
17,CARYOVT,23,260.2637795,4842.59524,2001,6,8.485206063
17,QUERALB,7,265.6062992,9944.061616,2001,6,9.204730829
18,ACERRUBR,81,73.32677165,94.53635707,2001,6,4.548984491
18,OXYDARB,54,190.9448819,704.1722211,2001,6,6.557022958
2,ACERRUBR,294,256.8897638,361.7870244,2000,6,5.891055708
2,OXYDARB,41,146.1614173,540.3979687,2000,6,6.292305847
2,QUERALB,5,109.0511811,2828.004468,2000,6,7.947326607
21,ACERRUBR,150,154.5275591,346.5699046,2001,6,5.848084543
21,OXYDARB,38,118.1102362,389.1778402,2001,6,5.964036412
26,LIRITUL,8,314.1692913,11867.59975,2001,6,9.381567256
34,ACERRUBR,27,87.10629921,352.0861105,2001,6,5.863875778
34,PINUTAE,19,693.7362205,24053.91788,2001,6,10.08805317
35,PINUECH,19,484.7125984,12076.13095,2001,6,9.398986135
35,QUERSTE,12,96.51574803,1245.721821,2001,6,7.127470417
36,CORNFLO,45,30.01968504,29.86359771,2001,6,3.396640271
36,PINUTAE,16,829.5,35612.11257,2001,6,10.4804411
41,PINUTAE,17,573.1692913,20344.17636,2001,6,9.920549976
42,ACERRUBR,127,142.2244094,425.8891418,2000,6,6.054179082
43,LIRITUL,8,62.99212598,442.8181876,2001,6,6.093159274
43,OXYDARB,38,161.4173228,621.9997739,2001,6,6.432939729
44,CORNFLO,32,53.1496063,123.2586708,2001,6,4.814285162
44,PINUTAE,22,457.4645669,12261.36151,2001,6,9.414208257
44,VITIROT,35,17.22440945,6.657489934,2001,6,1.895742527
49,ACERRUBR,41,196.3582677,1089.735995,2001,6,6.99369074
49,PINUECH,15,419.8818898,11400.01882,2001,6,9.341370285
49,PINUTAE,7,404.5,18779.06644,2001,6,9.840498041
50,ACERRUBR,34,114.1732283,470.5894314,2001,6,6.153986018
50,PINUTAE,12,679.5,31042.27336,2001,6,10.34310521
501,CARYOVT,34,94.48818898,619.7172059,1999,6,6.429263254
501,FRAX1S1,44,168.3070866,775.3122564,1999,6,6.65326586
501,JUNIVIR,91,231.7913386,580.3429083,1999,6,6.36361915
501,QUERALB,24,73.00393701,1430.903506,1999,6,7.266061346
501,QUERSTE,5,138.0511811,5468.12037,1999,6,8.606690211
503,LIRITUL,7,255.5275591,14452.72555,1999,6,9.578638295
504,CERCCAN,75,99.9015748,126.8727367,1999,6,4.843184511
504,QUERALB,13,43.7992126,145.5137086,1999,6,4.980270299
504,QUERSTE,7,163.4173228,4548.02042,1999,6,8.422447345
505,OSTRVIR,79,138.2874016,375.6726463,1999,6,5.928718143
506,FAGUGRA,11,88.22834646,1508.099967,1999,6,7.318605837
506,LIRITUL,3,87.38188976,2581.205014,1999,6,7.856011628
506,OSTRVIR,80,141.7322835,462.6004434,1999,6,6.136863708
508,CARYGLA,9,173.0866142,3993.419242,1999,6,8.292403096
509,FAGUGRA,44,221.4566929,1172.479084,1999,6,7.066875662
509,OXYDARB,44,84.64566929,247.2781976,1999,6,5.510514009
51,QUERSTE,18,195.3937008,4241.936722,2001,6,8.352775218
513,QUERMON,8,110.980315,2592.366515,2001,6,7.86032645
513,QUERSTE,13,182.6338583,4760.728645,2001,6,8.468156012
519,LIRITUL,7,446.5,23656.78173,2000,6,10.07140511
519,QUERALB,1,8.366141732,54.97184546,2000,6,4.006821153
523,FAGUGRA,44,83.31496063,1351.210171,2000,6,7.208755893
523,LIQUSTY,23,129.5669291,1677.770853,2000,6,7.425221318
523,LIRITUL,9,110.523622,2329.197238,2000,6,7.753278954
523,PINUTAE,15,414.1299213,13228.61004,2000,6,9.49013719
524,FRAX1S1,88,191.9291339,598.0328101,2001,6,6.393645619
524,JUNIVIR,42,190.9448819,936.2332988,2001,6,6.841864696
524,OSTRVIR,82,105.3149606,175.3773063,2001,6,5.166939689
525,ACERRUBR,84,130.9055118,312.7118129,1999,6,5.745282041
525,PINUTAE,26,745.0669291,23664.06791,1999,6,10.07171305
526,LIRITUL,16,671.4330709,27885.14506,1999,6,10.23584939
531,LIQUSTY,23,146.1614173,848.9250736,1999,6,6.74397093
531,OXYDARB,40,82.67716535,211.5179659,1999,6,5.35430994
532,CORNFLO,133,98.91732283,150.0788445,1999,6,5.011160786
532,PINUECH,20,504.3976378,13656.97822,1999,6,9.522005895
537,ACERRUBR,82,69.88188976,65.81404335,2001,6,4.18683324
537,CARYOVT,49,120.1456693,1286.531872,2001,6,7.159705406
537,QUERALB,41,357.4330709,9474.92772,2001,6,9.156404401
539,FRAX1S1,18,19.68503937,74.94431526,2000,6,4.316745375
541,ACERRUBR,128,102.3622047,123.2586708,2000,6,4.814285162
541,LIQUSTY,41,63.48425197,134.1008687,2000,6,4.898592268
541,NYSSSYL,91,71.35826772,72.09110529,2000,6,4.27793067
542,LIQUSTY,112,236.2204724,629.9887618,2000,6,6.445701981
542,QUERALB,68,127.9527559,323.3637968,2000,6,5.778777995
542,ULMUALA,242,188.976378,345.8090486,2000,6,5.84588674
547,OSTRVIR,29,21.16141732,22.25503778,2000,6,3.1025684
553,ACERRUBR,28,65.94488189,317.2769489,2001,6,5.759775048
553,CORNFLO,181,104.8228346,70.9498213,2001,6,4.261972885
553,LONIJAP,10,4.921259843,1.902139981,2001,6,0.642979558
556,FAGUGRA,9,19.19291339,38.23301362,2000,6,3.643699373
556,VITIROT,1,1.476377953,1.711925983,2000,6,0.537619043
557,CORNFLO,30,31.49606299,55.92291545,2000,6,4.023974233
557,PINUTAE,7,348,13751.53644,2000,6,9.528905838
56,PINUECH,16,350.1574803,8339.78933,2001,6,9.028793235
56,QUERSTE,17,98.91732283,522.1374249,2001,6,6.257930819
560,CORNFLO,120,115.1574803,211.5179659,2000,6,5.35430994
560,OSTRVIR,359,212.1062992,136.7638647,2000,6,4.918255823
560,PINUTAE,22,761.519685,26325.81185,2000,6,10.17830518
562,ACERRUBR,96,281.496063,1126.066869,1999,6,7.026486193
562,PINUTAE,7,240.8740157,8592.538216,1999,6,9.058649456
569,CORNFLO,41,58.56299213,111.2751889,2001,6,4.712006313
569,LIRITUL,17,89.07480315,491.7031852,2001,6,6.197875252
570,PINUTAE,21,858.3228346,31805.65655,1999,6,10.36739943
576,CARPCAR,115,84.15354331,79.69966521,2000,6,4.378265385
577,CARPCAR,63,38.87795276,24.15717776,2000,6,3.184581552
577,FAGUGRA,81,59.54724409,53.45013347,2000,6,3.978749135
577,PINUTAE,42,921.7440945,23896.0312,2000,6,10.08146767
578,ACERRUBR,34,71.8503937,213.4201059,2000,6,5.363262551
578,LINDBEN,55,27.06692913,10.4617699,2000,6,2.347727651
578,PLATOCC,7,51.67322835,323.9344388,2000,6,5.780541146
58,ACERRUBR,93,65.45275591,113.5577569,2000,6,4.732311579
582,ACERBAR,60,67.91338583,111.8458309,2000,6,4.717121413
582,ULMURUB,55,93.01181102,221.9797358,2000,6,5.402586098
585,ACERRUBR,123,136.5511811,1870.757484,1999,6,7.534098699
585,LIQUSTY,16,131.9488189,1543.216514,1999,6,7.341624163
585,QUERRUB,12,155.8779528,3900.330776,1999,6,8.268816643
59,ACERRUBR,50,109.2519685,324.5050808,2001,6,5.782301193
59,LIQUSTY,27,100.8858268,540.7783967,2001,6,6.293009577
59,PINUTAE,28,1129.665354,39122.08258,2001,6,10.57444236
6,CARYOVT,13,72.01181102,1526.888009,2001,6,7.330986962
6,VIBURAF,180,88.58267717,34.23851966,2001,6,3.533351316
60,ACERRUBR,80,187.992126,640.6407457,2000,6,6.462468841
60,LIQUSTY,53,99.9015748,366.1619464,2000,6,5.903075712
60,LIQUSTY,31,99.9015748,533.9306927,2001,6,6.280266042
60,PINUTAE,23,989.9685039,38591.44205,2001,6,10.56078582
608,ACERRUBR,54,100.3937008,185.2684342,2001,6,5.221805769
620,CARYGLA,13,102.0866142,1985.315541,2001,6,7.593533143
620,NYSSSYL,21,44.78346457,130.2965887,2001,6,4.869813304
620,VITIROT,70,34.4488189,13.31497987,2001,6,2.588889707
63,PINUTAE,21,942.0748031,35732.75765,2001,6,10.48382313
67,CARYGLA,12,77.51968504,1892.840495,2001,6,7.545833887
68,PINUECH,14,397.1377953,11809.50001,2001,6,9.376659572
70,PINUTAE,17,670.003937,23969.745,2001,6,10.08454769
75,ACERRUBR,191,183.5629921,263.0659594,2001,6,5.572404797
75,OXYDARB,66,216.5354331,847.9740036,2001,6,6.742849979
77,PINUECH,5,126.9251969,3601.670987,2000,6,8.18915318
78,VIBURAF,280,137.7952756,53.25991948,2000,6,3.975184068
9,ACERRUBR,75,223.8346457,3637.762916,2001,6,8.199124188
9,OXYDARB,37,113.6811024,463.5515134,2001,6,6.138917519
9,VIBUACE,135,66.43700787,25.67888975,2001,6,3.245669244
926,ACERRUBR,41,57.57874016,147.7962765,2001,6,4.995834816
926,OXYDARB,18,125,797.7575081,2001,6,6.681804677
929,CORNFLO,60,37.4015748,29.67338371,2001,6,3.390250473
929,PINUTAE,27,932.8464567,30034.90414,2001,6,10.31011546
93,ACERRUBR,22,120.0787402,731.5630368,2001,6,6.595183391
93,NYSSSYL,36,48.22834646,134.6715107,2001,6,4.902838559
93,PINUTAE,13,610.8503937,24512.02524,2001,6,10.1069191
935,ACERRUBR,131,127.4606299,151.2201285,2001,6,5.01873658
935,QUERSTE,15,246.9527559,4855.996349,2001,6,8.487969581
937,CARYTOM,109,72.34251969,57.25441344,2001,6,4.04750473
937,LIRITUL,41,64.46850394,204.09962,2001,6,5.318608208
937,QUERALB,12,458.996063,18628.78586,2001,6,9.83246329
940,CORNFLO,78,50.19685039,62.00976339,2001,6,4.127291847
940,LIQUSTY,15,108.7598425,722.6229789,2001,6,6.582887618
940,LIRITUL,10,137.9606299,2546.212662,2001,6,7.842362304
940,PINUTAE,17,453.5984252,12582.76734,2001,6,9.440083485
986,FRAX1S1,9,136.6102362,2963.314173,1999,6,7.994063574
986,QUERALB,17,158.1102362,2061.622702,1999,6,7.631248671
986,QUERRUB,8,196.5629921,5555.042531,1999,6,8.622461358
987,CERCCAN,15,24.11417323,31.76573769,1999,6,3.458388278
987,CORNFLO,13,22.14566929,32.90702168,1999,6,3.49368606
987,OSTRVIR,40,73.81889764,124.7803828,1999,6,4.826555254
988,CERCCAN,41,68.40551181,96.05806905,1999,6,4.564952895
12,CARYOVL,17,168.515748,2396.791441,2000,7,7.781886222
18,QUERALB,11,334.0590551,10940.81765,2001,7,9.300255813
25,ACERRUBR,109,215.8346457,5639.588569,2000,7,8.637566393
26,ACERRUBR,25,70.37401575,289.3154911,2001,7,5.667517758
26,CORNFLO,50,43.30708661,62.77061938,2001,7,4.13948712
26,QUERALB,5,104.3385827,3463.434787,2001,7,8.150016089
30,ACERRUBR,14,151.1653543,1969.455236,2001,7,7.585512254
35,QUERALB,20,150.7125984,1854.062538,2001,7,7.525134477
42,QUERALB,3,155,6299.678669,2000,7,8.748253906
50,VITIROT,16,8.858267717,4.565135955,2001,7,1.518448296
501,CARYGLA,7,44.78346457,320.8910148,1999,7,5.771101548
504,CARYGLA,13,99.00787402,1587.266169,1999,7,7.369768425
504,FRAX1S1,42,164.3700787,908.842483,1999,7,6.812171793
508,OSTRVIR,136,251.9685039,610.206506,1999,7,6.413797434
513,QUERALB,71,102.023622,1508.566171,2001,7,7.318914923
519,OSTRVIR,364,239.1732283,213.8005339,2000,7,5.365043496
523,OSTRVIR,63,69.38976378,132.1987287,2000,7,4.884306311
526,LIRITUL,16,671.4330709,27885.14506,1999,7,10.23584939
528,LIRITUL,78,192.9133858,672.2162694,1999,7,6.510580118
528,PINUTAE,22,347.9173228,6159.912649,1999,7,8.725817876
531,PINUTAE,19,828.9566929,31826.81924,1999,7,10.36806459
537,CARYTOM,102,98.42519685,128.9650907,2001,7,4.859541753
539,ACERRUBR,58,77.75590551,164.7253224,2000,7,5.104279374
539,CORNFLO,64,54.13385827,66.95532734,2000,7,4.204025641
539,LIRITUL,28,256.0866142,3254.090873,2000,7,8.087668214
54,ACERRUBR,109,207.1850394,790.7195902,2000,7,6.672943405
541,OXYDARB,214,186.023622,208.0941139,2000,7,5.337990448
547,ACERRUBR,88,61.02362205,53.25991948,2000,7,3.975184068
547,CORNFLO,58,45.27559055,58.20548343,2000,7,4.063979567
55,PINUTAE,23,668.5866142,21249.27462,2000,7,9.964078038
553,CARPCAR,151,178.6417323,325.4561508,2001,7,5.785227739
556,OSTRVIR,208,188.976378,231.3002217,2000,7,5.443716528
557,ACERRUBR,271,327.8385827,1783.996588,2000,7,7.486611401
562,PINUECH,14,288.8700787,6502.356206,1999,7,8.779919883
569,ACERRUBR,117,251.476378,769.4156224,2001,7,6.645631295
574,ACERRUBR,511,340.0590551,439.5845497,2000,7,6.085830076
576,ACERBAR,91,120.5708661,470.7796454,2000,7,6.15439014
576,FAGUGRA,47,154.2204724,1998.115379,2000,7,7.599959705
576,OSTRVIR,105,120.5708661,263.4463874,2000,7,5.573849884
576,VITIROT,2,2.952755906,3.423851966,2000,7,1.230766223
577,LIQUSTY,54,159.4488189,504.827951,2000,7,6.22421768
577,LIRITUL,14,72.83464567,373.9607203,2000,7,5.924150766
578,LIQUSTY,27,201.3543307,1943.457335,2000,7,7.572223797
578,PINUTAE,26,1019.80315,36629.90417,2000,7,10.50862024
579,VIBUACE,50,24.60629921,9.510699906,2000,7,2.252417471
579,VIBURAF,495,243.6023622,94.15592907,2000,7,4.544952228
58,CORNFLO,147,87.10629921,56.87398544,2000,7,4.040838039
582,LIQUSTY,37,259.3503937,1718.963901,2000,7,7.449477005
583,CARPCAR,104,104.3307087,136.9540787,2000,7,4.919645677
583,CORNFLO,151,101.8700787,100.242777,2000,7,4.607595014
583,LIRITUL,4,217.5,9603.652392,2000,7,9.169898763
583,QUERRUB,5,167.6535433,5937.058257,2000,7,8.688969047
6,QUERALB,9,264.8385827,8403.392885,2001,7,9.036390818
60,ACERRUBR,61,115.6496063,322.0322988,2001,7,5.774651847
620,ACERRUBR,97,184.5472441,458.2255215,2001,7,6.127361468
620,LIQUSTY,78,102.3622047,200.485554,2001,7,5.300742194
63,ACERRUBR,110,265.8385827,2082.012778,2001,7,7.641090386
67,QUERALB,25,297.2244094,8005.392719,2001,7,8.987870683
68,ACERRUBR,68,224.4094488,1067.480957,2001,7,6.973056907
70,LIQUSTY,62,254.1181102,2918.516567,2001,7,7.978830741
77,PINUTAE,9,471.5,19796.15706,2000,7,9.89324311
78,PINUTAE,32,955.019685,28254.08217,2000,7,10.24899323
925,ACERRUBR,65,202.2637795,774.7416144,2001,7,6.652529573
925,LIQUSTY,34,82.67716535,248.4194816,2001,7,5.515118775
925,PINUTAE,35,1289.228346,40199.15783,2001,7,10.60160132
926,LIQUSTY,37,140.2559055,568.5496404,2001,7,6.343088628
926,PINUTAE,29,964.4724409,29474.91495,2001,7,10.29129484
929,ACERRUBR,96,143.7007874,316.5160929,2001,7,5.757374087
929,LIQUSTY,39,111.7125984,441.1062617,2001,7,6.089285803
929,LIRITUL,15,129.4291339,938.7060808,2001,7,6.844502417
937,ACERRUBR,203,178.6417323,219.6971678,2001,7,5.392250088
937,OXYDARB,59,105.8070866,263.8268154,2001,7,5.575292886
940,ACERRUBR,25,58.56299213,163.0133964,2001,7,5.093832384
940,OSTRVIR,143,89.07480315,92.63421709,2001,7,4.528658588
987,QUERALB,22,216.507874,7354.635486,1999,7,8.903086072
988,FRAX1S1,39,330.0590551,6413.631243,1999,7,8.766180886
21,QUERALB,13,415.2362205,13806.28803,2001,8,9.532879422
25,QUERALB,4,196.5,7631.910303,2000,8,8.94009346
26,CARPCAR,203,181.5944882,196.8714881,2001,8,5.282551171
30,FAGUGRA,124,253.2559055,3788.902722,2001,8,8.239831737
43,ACERRUBR,136,261.8110236,709.117785,2001,8,6.564021641
44,ACERRUBR,186,334.6456693,994.0583542,2001,8,6.901795911
501,VIBURAF,1350,664.3700787,256.7888975,1999,8,5.548254337
504,VIBURAF,910,447.8346457,173.0947383,1999,8,5.153839065
513,ACERRUBR,70,139.7637795,463.7417274,2001,8,6.139327775
523,CARPCAR,227,191.4370079,247.0879836,2000,8,5.509744482
539,PINUTAE,22,934.1377953,33567.46385,2000,8,10.42131254
55,ACERRUBR,83,216.0433071,855.7727776,2000,8,6.752004894
574,QUERALB,8,500.5,25341.85349,2000,8,10.1402126
60,PINUTAE,25,1087.287402,38460.20589,2000,8,10.55737937
608,QUERMON,37,484.7992126,16025.02685,2001,8,9.681906957
78,LIQUSTY,115,299.7047244,1278.808709,2000,8,7.153684228
988,QUERALB,51,846.0944882,19529.52029,1999,8,9.879682461
29,FAGUGRA,444,687.984252,16711.0835,2001,9,9.723827461
503,ACERBAR,699,393.2086614,268.3919514,1999,9,5.592448417
8,QUERALB,23,394.2716535,12281.9593,2000,9,9.415886741